Subject,Start Date,Start Time,End Date,End Time,All Day Event,Description,Location,Private
LP企画デザイン制作,11/10/2025,05:30 PM,11/10/2025,07:00 PM,False,,,False
メール設定,11/06/2025,10:00 AM,11/06/2025,11:00 AM,False,,,False
エベラ出荷,10/29/2025,02:30 PM,10/29/2025,03:00 PM,False,,,False
エベラ出荷,09/04/2025,02:30 PM,09/04/2025,03:00 PM,False,,,False
ショウエイ保守　みなと修正,02/10/2026,10:00 AM,02/10/2026,10:30 AM,False,,,False
大日商運　メール確認,04/11/2025,05:30 PM,04/11/2025,06:00 PM,False,,,False
レトロワグラン様　見積作成,07/22/2025,01:00 PM,07/22/2025,01:30 PM,False,,,False
光聖寺　修正・文字チェック,04/11/2025,06:00 PM,04/11/2025,06:30 PM,False,,,False
エベラ出荷,03/10/2025,12:30 PM,03/10/2025,03:00 PM,False,,,False
コロンビア　夏季休業　お知らせ,07/23/2025,04:00 PM,07/23/2025,05:00 PM,False,,,False
西中島グランドハイツ　広告キーワード追加,10/09/2025,01:30 PM,10/09/2025,02:00 PM,False,,,False
エベラ画像修正,12/16/2025,05:00 PM,12/16/2025,07:00 PM,False,,,False
エベラ画像作成,09/12/2025,10:00 AM,09/12/2025,11:00 AM,False,,,False
ショウエイみなとLP,04/24/2025,04:00 PM,04/24/2025,06:30 PM,False,,,False
トリニティーエステート様　デザイン制作,08/25/2025,05:30 PM,08/25/2025,07:00 PM,False,,,False
作業指示,07/24/2025,10:00 AM,07/24/2025,10:30 AM,False,,,False
経費精算シート入力,08/21/2025,05:00 PM,08/21/2025,06:00 PM,False,,,False
昭和建設　がらくた市,02/14/2025,10:00 AM,02/14/2025,11:30 AM,False,,,False
ショウエイ広告シート入力,05/28/2025,04:00 PM,05/28/2025,04:30 PM,False,,,False
エベラ出荷,07/14/2025,02:00 PM,07/14/2025,03:00 PM,False,,,False
昭和建設採用サイト,09/25/2025,10:00 AM,09/25/2025,02:00 PM,False,,,False
ショウエイ四条畷おしらせ修正,01/22/2026,10:00 AM,01/22/2026,10:15 AM,False,,,False
エベラ出荷,12/12/2025,02:00 PM,12/12/2025,02:30 PM,False,,,False
ゴーゴーお片付け　デザイン制作,04/11/2025,06:30 PM,04/11/2025,07:00 PM,False,,,False
エベラ出荷,09/22/2025,03:00 PM,09/22/2025,03:30 PM,False,,,False
トキワシステムテクノロジーズ　油圧事業部,02/04/2025,10:00 AM,02/04/2025,01:30 PM,False,,,False
ショウエイみなとおしらせ,04/24/2025,12:30 PM,04/24/2025,02:00 PM,False,,,False
ショウエイおしらせ修正,05/20/2025,01:30 PM,05/20/2025,02:30 PM,False,,,False
エベラ出荷,01/29/2026,02:00 PM,01/29/2026,03:30 PM,False,,,False
エベラ出荷,11/10/2025,02:00 PM,11/10/2025,03:00 PM,False,,,False
経費精算シート入力,09/22/2025,04:30 PM,09/22/2025,05:00 PM,False,,,False
エルムズクリエイトデザイン制作,07/17/2025,01:00 PM,07/17/2025,03:00 PM,False,,,False
ショウエイ四条畷おしらせ,11/17/2025,12:30 PM,11/17/2025,01:30 PM,False,,,False
ショウエイ　アップ準備,02/27/2025,11:30 AM,02/27/2025,01:00 PM,False,,,False
LP企画ページデザイン,02/05/2026,11:30 AM,02/05/2026,02:00 PM,False,,,False
トキワシステムテクノロジーズ　修正,03/07/2025,03:00 PM,03/07/2025,03:30 PM,False,,,False
昭和建設　修正,02/17/2026,10:30 AM,02/17/2026,11:00 AM,False,,,False
エベラ出荷,06/12/2025,02:30 PM,06/12/2025,03:00 PM,False,,,False
メールアドレス登録,09/17/2025,01:30 PM,09/17/2025,02:00 PM,False,,,False
浄土宗保育協会ポスター,02/17/2026,06:30 PM,02/17/2026,07:00 PM,False,,,False
suikosha リスティング　広告レポート作成,03/31/2025,10:30 AM,03/31/2025,12:00 PM,False,,,False
リンク大阪　リンク追加,04/25/2025,04:00 PM,04/25/2025,05:00 PM,False,,,False
昭和建設原稿,12/04/2025,12:30 PM,12/04/2025,01:00 PM,False,,,False
JP株式会社名刺入稿,04/24/2025,12:00 PM,04/24/2025,12:30 PM,False,,,False
エルムズクリエイトデザイン制作,07/17/2025,04:00 PM,07/17/2025,07:00 PM,False,,,False
レトロワグラン広告出稿,06/12/2025,06:00 PM,06/12/2025,06:30 PM,False,,,False
会社紹介文作成,09/08/2025,10:30 AM,09/08/2025,11:00 AM,False,,,False
ビーコネクト　検索サイト,01/13/2026,04:30 PM,01/13/2026,07:00 PM,False,,,False
経費精算シート入力,10/03/2025,04:00 PM,10/03/2025,04:30 PM,False,,,False
エベラ出荷,01/05/2026,01:30 PM,01/05/2026,04:00 PM,False,,,False
ショウエイ四条畷　春の短期教室,02/10/2025,10:00 AM,02/10/2025,10:30 AM,False,,,False
エベラ画像作成,09/04/2025,01:30 PM,09/04/2025,02:30 PM,False,,,False
エベラ画像作成,06/18/2025,06:00 PM,06/18/2025,07:00 PM,False,,,False
Suikosha　ミニオンズモール広告レポート作成,03/28/2025,10:00 AM,03/28/2025,10:30 AM,False,,,False
ショウエイ本番アップ,10/01/2025,10:00 AM,10/01/2025,10:30 AM,False,,,False
トリニティーエステート様　デザイン制作,08/26/2025,10:00 AM,08/26/2025,01:30 PM,False,,,False
ドロップボックス整理,09/09/2025,06:00 PM,09/09/2025,07:00 PM,False,,,False
横浜ゆるすぽ　デザイン制作,05/27/2025,02:30 PM,05/27/2025,03:00 PM,False,,,False
エベラ福袋画像作成,12/02/2025,03:30 PM,12/02/2025,07:00 PM,False,,,False
会社紹介文作成,09/05/2025,05:00 PM,09/05/2025,07:00 PM,False,,,False
クレセント　リキャプチャ　調査,02/24/2026,11:00 AM,02/24/2026,02:00 PM,False,,,False
浄土宗保育協会ポスター,02/17/2026,01:00 PM,02/17/2026,02:00 PM,False,,,False
ショウエイスポーツクラブ　広告数値入力,12/08/2025,10:30 AM,12/08/2025,11:00 AM,False,,,False
エベラ出荷,06/16/2025,02:00 PM,06/16/2025,03:00 PM,False,,,False
Suikosha問い合わせ対応,05/21/2025,12:30 PM,05/21/2025,01:30 PM,False,,,False
レトロワグラン　バナー,02/19/2025,05:00 PM,02/19/2025,07:00 PM,False,,,False
エルムズクリエイトデザイン制作,07/08/2025,04:00 PM,07/08/2025,07:00 PM,False,,,False
レトロワグランお知らせページ作成,10/30/2025,01:00 PM,10/30/2025,02:00 PM,False,,,False
エベラ画像作成,12/10/2025,02:30 PM,12/10/2025,03:30 PM,False,,,False
ショウエイ　広告　数値入力,02/19/2025,10:30 AM,02/19/2025,11:00 AM,False,,,False
エルムズクリエイト　イメージ確認,03/28/2025,06:30 PM,03/28/2025,07:00 PM,False,,,False
Rewebテンプレート一覧作成,02/10/2025,04:00 PM,02/10/2025,06:00 PM,False,,,False
エベラ出荷,02/04/2026,02:00 PM,02/04/2026,03:00 PM,False,,,False
エベラトライアルキット,01/27/2026,03:00 PM,01/27/2026,04:00 PM,False,,,False
NSジャパン　デザイン,11/18/2025,10:00 AM,11/18/2025,02:00 PM,False,,,False
ショウエイ四条畷おしらせ作成,10/10/2025,12:30 PM,10/10/2025,02:30 PM,False,,,False
ゴーゴーお片付け　修正,08/20/2025,10:00 AM,08/20/2025,10:30 AM,False,,,False
レポート　修正,04/10/2025,10:00 AM,04/10/2025,11:00 AM,False,,,False
エベラ画像作成,06/23/2025,05:00 PM,06/23/2025,07:00 PM,False,,,False
エルムズクリエイト様　デザイン制作,05/22/2025,01:00 PM,05/22/2025,02:00 PM,False,,,False
ReWeb　サンプル一覧作成,02/07/2025,11:30 AM,02/07/2025,02:00 PM,False,,,False
横浜ゆるすぽデザイン制作,05/09/2025,11:00 AM,05/09/2025,02:00 PM,False,,,False
ショウエイみなとおしらせ,05/22/2025,03:30 PM,05/22/2025,04:00 PM,False,,,False
ヒロタ建設画像修正,03/07/2025,06:30 PM,03/07/2025,07:00 PM,False,,,False
西中島グランドハイツ広告期間調査,12/10/2025,10:00 AM,12/10/2025,11:30 AM,False,,,False
西中島グランドハイツ広告,01/16/2026,11:00 AM,01/16/2026,12:00 PM,False,,,False
エベラ画像作成,08/07/2025,11:00 AM,08/07/2025,12:00 PM,False,,,False
JP名刺見積もり修正,10/10/2025,02:30 PM,10/10/2025,03:00 PM,False,,,False
西中島グランドハイツ広告,01/16/2026,10:00 AM,01/16/2026,10:30 AM,False,,,False
LP企画チラシ作成,12/19/2025,10:00 AM,12/19/2025,02:00 PM,False,,,False
光聖寺様広告レポート作成,05/01/2025,11:15 AM,05/01/2025,01:30 PM,False,,,False
山長バナー作成,02/26/2025,05:30 PM,02/26/2025,06:00 PM,False,,,False
エベラ出荷,01/31/2025,02:00 PM,01/31/2025,02:30 PM,False,,,False
ショウエイスポーツ　保守,02/05/2025,12:30 PM,02/05/2025,02:30 PM,False,,,False
作業指示,07/24/2025,01:30 PM,07/24/2025,02:00 PM,False,,,False
LP企画デザイン制作,11/12/2025,10:00 AM,11/12/2025,10:30 AM,False,,,False
エベラ画像作成,06/23/2025,11:30 AM,06/23/2025,01:00 PM,False,,,False
エベラ出荷,01/20/2026,02:00 PM,01/20/2026,03:30 PM,False,,,False
LP企画チラシ作成,01/08/2026,10:00 AM,01/08/2026,12:00 PM,False,,,False
ショウエイ四条畷,10/27/2025,05:00 PM,10/27/2025,07:00 PM,False,,,False
清水製作所デザイン,05/02/2025,03:30 PM,05/02/2025,07:00 PM,False,,,False
エベラ出荷,06/30/2025,01:00 PM,06/30/2025,03:30 PM,False,,,False
エベラ　画像作成,03/02/2026,06:00 PM,03/02/2026,06:30 PM,False,,,False
ショウエイスポーツレポート作成,01/20/2026,03:30 PM,01/20/2026,04:00 PM,False,,,False
エベラ出荷,02/03/2026,02:00 PM,02/03/2026,03:30 PM,False,,,False
Suikosha様 広告レポート作成,04/09/2025,10:00 AM,04/09/2025,11:00 AM,False,,,False
エベラリール作成,09/05/2025,10:00 AM,09/05/2025,01:30 PM,False,,,False
席　レイアウト図作成,12/23/2025,12:00 PM,12/23/2025,01:00 PM,False,,,False
LP企画ヒアリングシート,02/19/2026,06:00 PM,02/19/2026,07:00 PM,False,,,False
糸井さんデザインチェック,11/27/2025,06:30 PM,11/27/2025,07:00 PM,False,,,False
ゴーゴーお片付け　デザイン,04/08/2025,03:00 PM,04/08/2025,05:00 PM,False,,,False
浄土宗保育協会ポスター,02/12/2026,10:30 AM,02/12/2026,01:30 PM,False,,,False
エベラ出荷,12/03/2025,03:00 PM,12/03/2025,03:30 PM,False,,,False
Etsy集計表作成,06/10/2025,03:30 PM,06/10/2025,04:30 PM,False,,,False
ショウエイみなとお知らせ作成,08/18/2025,04:00 PM,08/18/2025,07:00 PM,False,,,False
エベラプロダクツ出荷作業,02/10/2025,02:00 PM,02/10/2025,02:30 PM,False,,,False
朝礼,01/05/2026,10:00 AM,01/05/2026,10:30 AM,False,,,False
Suikosha　保守,04/07/2025,05:00 PM,04/07/2025,07:00 PM,False,,,False
ショウエイみなと広告,01/29/2026,03:30 PM,01/29/2026,04:00 PM,False,,,False
エベラ画像作成,12/10/2025,11:30 AM,12/10/2025,01:30 PM,False,,,False
メルマガ調査,03/17/2025,10:45 AM,03/17/2025,01:30 PM,False,,,False
google広告　CVタグ設定確認,04/07/2025,04:00 PM,04/07/2025,05:00 PM,False,,,False
Wordpressプラグイン調査,06/03/2025,05:00 PM,06/03/2025,06:00 PM,False,,,False
ショウエイ夏の短期教室画像作成,05/13/2025,11:00 AM,05/13/2025,11:30 AM,False,,,False
ゴーゴーお片付けデザイン制作,04/16/2025,10:30 AM,04/16/2025,02:30 PM,False,,,False
保育協会　デザイン制作,05/30/2025,01:00 PM,05/30/2025,02:30 PM,False,,,False
レトロワグラン様　バナー作成,08/27/2025,11:00 AM,08/27/2025,02:30 PM,False,,,False
ミライ献血デザイン打ち合わせ,06/10/2025,03:00 PM,06/10/2025,03:30 PM,False,,,False
コロンビア修正,06/18/2025,05:30 PM,06/18/2025,06:00 PM,False,,,False
エベラ動画作成,08/01/2025,10:30 AM,08/01/2025,03:00 PM,False,,,False
エベラ出荷,02/18/2026,02:00 PM,02/18/2026,03:00 PM,False,,,False
レトロワグラン　カード　修正,07/23/2025,12:00 PM,07/23/2025,12:30 PM,False,,,False
ショウエイみなとスタートキャンペーン広告,01/19/2026,04:30 PM,01/19/2026,06:30 PM,False,,,False
ショウエイみなとおしらせ作成,11/17/2025,01:30 PM,11/17/2025,02:00 PM,False,,,False
画像の書き出し形式調査,01/23/2026,11:00 AM,01/23/2026,12:00 PM,False,,,False
清水製作所ワイヤー作成,02/21/2025,11:30 AM,02/21/2025,01:30 PM,False,,,False
コロンビア修正,06/18/2025,01:00 PM,06/18/2025,01:30 PM,False,,,False
エベラ出荷,06/26/2025,02:00 PM,06/26/2025,03:00 PM,False,,,False
エルムズクリエイト　修正,02/13/2026,12:30 PM,02/13/2026,02:00 PM,False,,,False
トリニティーエステート,08/22/2025,04:00 PM,08/22/2025,07:00 PM,False,,,False
レトロワグラン入稿データ作成,07/17/2025,11:00 AM,07/17/2025,01:00 PM,False,,,False
ゴーゴーお片付け新規ページデザイン,06/24/2025,10:00 AM,06/24/2025,01:00 PM,False,,,False
よこはま建設業魅力発信,10/22/2025,12:00 PM,10/22/2025,02:30 PM,False,,,False
エベラ画像作成,06/23/2025,03:00 PM,06/23/2025,04:00 PM,False,,,False
LP企画デザイン制作,09/30/2025,10:00 AM,09/30/2025,12:00 PM,False,,,False
アイコン作成,10/02/2025,03:00 PM,10/02/2025,04:00 PM,False,,,False
メルマガ概要作成,03/11/2025,10:00 AM,03/11/2025,01:30 PM,False,,,False
支払方法調査,02/02/2026,04:30 PM,02/02/2026,07:00 PM,False,,,False
トリニティーエステート様　デザイン制作,08/25/2025,10:30 AM,08/25/2025,02:00 PM,False,,,False
エベラリール,09/17/2025,10:00 AM,09/17/2025,11:00 AM,False,,,False
ショウエイみなと修正,12/17/2025,10:00 AM,12/17/2025,10:30 AM,False,,,False
ショウエイみなとスタート広告,01/16/2026,05:30 PM,01/16/2026,07:00 PM,False,,,False
横浜ゆるすぽ　デザイン制作,05/27/2025,04:00 PM,05/27/2025,07:00 PM,False,,,False
JP様電話対応,11/14/2025,03:30 PM,11/14/2025,04:30 PM,False,,,False
LP企画チラシ作成,10/16/2025,04:30 PM,10/16/2025,07:00 PM,False,,,False
エベラ画像作成,09/04/2025,11:30 AM,09/04/2025,12:30 PM,False,,,False
ユニバーサル広告数値入力,02/25/2025,11:30 AM,02/25/2025,12:00 PM,False,,,False
アクセス解析レポート作成,06/06/2025,02:30 PM,06/06/2025,04:00 PM,False,,,False
広告　税金調査,04/18/2025,03:00 PM,04/18/2025,03:15 PM,False,,,False
JP名刺校正データ作成,05/27/2025,01:00 PM,05/27/2025,02:00 PM,False,,,False
NSジャパン様　デザイン制作,11/17/2025,02:30 PM,11/17/2025,03:00 PM,False,,,False
google広告　問い合わせ対応,07/18/2025,03:00 PM,07/18/2025,03:30 PM,False,,,False
昭和建設,11/05/2025,11:00 AM,11/05/2025,11:30 AM,False,,,False
進行管理打ち合わせ,11/05/2025,11:30 AM,11/05/2025,01:00 PM,False,,,False
ショウエイ　保守,01/31/2025,05:30 PM,01/31/2025,06:00 PM,False,,,False
エベラ出荷,08/22/2025,01:30 PM,08/22/2025,02:00 PM,False,,,False
エルムズクリエイトデザイン制作,07/03/2025,03:00 PM,07/03/2025,04:30 PM,False,,,False
エルムズクリエイト　デザイン制作,06/26/2025,10:00 AM,06/26/2025,02:00 PM,False,,,False
ショウエイみなと初心者LP作成,09/16/2025,10:00 AM,09/16/2025,02:00 PM,False,,,False
ビーコネクト　コーポレートサイト,01/13/2026,11:30 AM,01/13/2026,01:00 PM,False,,,False
エベラリール修正,09/12/2025,11:00 AM,09/12/2025,01:00 PM,False,,,False
清水製作所デザイン,04/30/2025,05:30 PM,04/30/2025,07:00 PM,False,,,False
西中島グランドハイツ　改善案,07/07/2025,06:00 PM,07/07/2025,07:00 PM,False,,,False
除外キーワード,02/06/2026,06:00 PM,02/06/2026,06:30 PM,False,,,False
ユニバーサル　レポート作成,03/18/2025,10:00 AM,03/18/2025,10:30 AM,False,,,False
佐竹塗装　名刺　入稿,10/07/2025,06:00 PM,10/07/2025,06:30 PM,False,,,False
LP企画チラシ作成,12/17/2025,10:30 AM,12/17/2025,02:00 PM,False,,,False
清水製作所画像探す,03/21/2025,10:30 AM,03/21/2025,11:30 AM,False,,,False
ゴーゴーお片付けデザイン,05/15/2025,10:00 AM,05/15/2025,12:00 PM,False,,,False
ショウエイリッチメニュー作成・みなとおしらせ更新,01/05/2026,05:00 PM,01/05/2026,06:00 PM,False,,,False
エベラ出荷,02/10/2026,02:00 PM,02/10/2026,02:30 PM,False,,,False
昭和建設採用ページ(23.5h),09/17/2025,02:00 PM,09/17/2025,03:00 PM,False,,,False
suikosha広告レポート作成,05/01/2025,10:30 AM,05/01/2025,11:15 AM,False,,,False
ショウエイ広告予算入力,05/14/2025,02:30 PM,05/14/2025,03:00 PM,False,,,False
メルマガ糸井さん引継ぎ,01/21/2026,12:00 PM,01/21/2026,12:30 PM,False,,,False
横浜在宅医療推進会　sp,07/25/2025,12:00 PM,07/25/2025,02:30 PM,False,,,False
更新管理表作成,01/06/2026,04:00 PM,01/06/2026,07:00 PM,False,,,False
光聖寺　LP　デザイン,08/21/2025,06:00 PM,08/21/2025,07:00 PM,False,,,False
エベラ福袋画像作成,12/03/2025,12:00 PM,12/03/2025,03:00 PM,False,,,False
ショウエイおしらせ修正,07/22/2025,04:30 PM,07/22/2025,06:00 PM,False,,,False
クレセントワークスの文章,09/19/2025,10:00 AM,09/19/2025,11:00 AM,False,,,False
エベラ出荷,08/20/2025,02:00 PM,08/20/2025,02:30 PM,False,,,False
エベラ画像作成,09/01/2025,03:00 PM,09/01/2025,04:30 PM,False,,,False
JP株式会社名刺校正,03/18/2025,04:30 PM,03/18/2025,05:00 PM,False,,,False
昭和建設様　先輩の声ページ,10/29/2025,12:00 PM,10/29/2025,01:00 PM,False,,,False
引継ぎ,02/25/2026,06:00 PM,02/25/2026,06:30 PM,False,,,False
メルマガ概要作成,02/26/2025,04:00 PM,02/26/2025,05:30 PM,False,,,False
ミライ献血,04/24/2025,06:30 PM,04/24/2025,07:00 PM,False,,,False
保育協会　デザイン制作,05/29/2025,10:00 AM,05/29/2025,02:00 PM,False,,,False
ショウエイみなとおしらせ,10/14/2025,11:30 AM,10/14/2025,12:30 PM,False,,,False
納会,12/26/2025,04:00 PM,12/26/2025,04:30 PM,False,,,False
ドイツクリスマス　デザイン制作,07/24/2025,10:30 AM,07/24/2025,01:30 PM,False,,,False
請求書作成,10/29/2025,04:00 PM,10/29/2025,05:00 PM,False,,,False
LP企画ページデザイン,02/09/2026,03:00 PM,02/09/2026,03:30 PM,False,,,False
ゴーゴーお片付け　デザイン,04/15/2025,02:30 PM,04/15/2025,03:00 PM,False,,,False
ショウエイみなとおしらせ作成,09/24/2025,10:00 AM,09/24/2025,11:00 AM,False,,,False
光聖寺広告レポート　確認,09/05/2025,02:30 PM,09/05/2025,03:30 PM,False,,,False
大谷行政書士名刺,10/21/2025,12:00 PM,10/21/2025,12:30 PM,False,,,False
ゴーゴーお片付けデザイン,04/14/2025,12:45 PM,04/14/2025,02:00 PM,False,,,False
ショウエイみなと春の短期教室広告,01/15/2026,04:30 PM,01/15/2026,05:30 PM,False,,,False
エベラ出荷,04/15/2025,02:00 PM,04/15/2025,02:30 PM,False,,,False
光聖寺　LP　デザイン制作,08/20/2025,11:00 AM,08/20/2025,02:00 PM,False,,,False
アイコン作成,10/03/2025,10:00 AM,10/03/2025,01:00 PM,False,,,False
JP名刺増刷,06/09/2025,02:00 PM,06/09/2025,03:00 PM,False,,,False
ゴーゴーお片付け　デザイン,04/09/2025,03:45 PM,04/09/2025,07:00 PM,False,,,False
LP企画ページデザイン,02/20/2026,03:00 PM,02/20/2026,03:30 PM,False,,,False
よこはま建設業魅力発信,10/24/2025,04:00 PM,10/24/2025,07:00 PM,False,,,False
ショウエイスポーツクラブ様　みなと　短期教室　修正・アップ,11/12/2025,12:00 PM,11/12/2025,01:00 PM,False,,,False
エベラリール作成,09/08/2025,06:00 PM,09/08/2025,07:00 PM,False,,,False
光聖寺打ち合わせ,11/12/2025,03:30 PM,11/12/2025,04:00 PM,False,,,False
会議,02/12/2026,02:30 PM,02/12/2026,03:30 PM,False,,,False
保育協会　デザイン制作,05/29/2025,03:30 PM,05/29/2025,07:00 PM,False,,,False
トキワシステム　問い合わせ対応,03/18/2025,10:30 AM,03/18/2025,11:15 AM,False,,,False
ショウエイ四条畷春の短期教室広告,01/20/2026,10:00 AM,01/20/2026,01:00 PM,False,,,False
LP企画調査,09/30/2025,05:00 PM,09/30/2025,06:00 PM,False,,,False
石井建設工業　デザイン制作,05/26/2025,10:00 AM,05/26/2025,02:00 PM,False,,,False
Suikosha　Facebookアカウント設定,02/21/2025,10:30 AM,02/21/2025,11:30 AM,False,,,False
エルムズクリエイトデザイン制作,07/08/2025,10:00 AM,07/08/2025,03:00 PM,False,,,False
エベラトライアルキット,01/27/2026,05:00 PM,01/27/2026,07:00 PM,False,,,False
suikosha問い合わせ対応,06/04/2025,01:00 PM,06/04/2025,02:00 PM,False,,,False
LP企画デザイン制作,11/07/2025,12:00 PM,11/07/2025,02:00 PM,False,,,False
LP企画チラシ作成,12/25/2025,12:00 PM,12/25/2025,01:00 PM,False,,,False
エベラ出荷,06/18/2025,01:30 PM,06/18/2025,02:00 PM,False,,,False
JP株式会社　名刺　見積　送付,04/16/2025,10:00 AM,04/16/2025,10:30 AM,False,,,False
クレセント　朝礼,03/02/2026,10:30 AM,03/02/2026,11:00 AM,False,,,False
JP見積もり作成,05/30/2025,03:30 PM,05/30/2025,04:00 PM,False,,,False
ショウエイ　保守,03/17/2025,10:30 AM,03/17/2025,10:45 AM,False,,,False
エヌエスジャパン　ワイヤー作成,10/07/2025,06:30 PM,10/07/2025,07:00 PM,False,,,False
エベラ出荷,05/14/2025,02:15 PM,05/14/2025,02:30 PM,False,,,False
光聖寺　広告レポート作成,06/02/2025,11:30 AM,06/02/2025,12:30 PM,False,,,False
ショウエイ四条畷お知らせ,04/17/2025,06:00 PM,04/17/2025,07:00 PM,False,,,False
エルムズクリエイトデザイン制作,07/10/2025,04:00 PM,07/10/2025,05:30 PM,False,,,False
エベラ出荷,08/21/2025,03:30 PM,08/21/2025,04:00 PM,False,,,False
ショウエイカップ修正,05/01/2025,06:30 PM,05/01/2025,07:00 PM,False,,,False
google広告調査,07/23/2025,10:00 AM,07/23/2025,12:00 PM,False,,,False
LP企画チラシ,11/26/2025,04:30 PM,11/26/2025,05:30 PM,False,,,False
Suikosha　ショッピング　エラー調査,03/04/2025,04:30 PM,03/04/2025,05:00 PM,False,,,False
Google広告支払方法・コンバージョン設定,09/03/2025,10:00 AM,09/03/2025,12:00 PM,False,,,False
レトロワグラン様　見積見直し,07/22/2025,04:00 PM,07/22/2025,04:30 PM,False,,,False
エベラ画像作成,06/16/2025,03:00 PM,06/16/2025,04:30 PM,False,,,False
昭和建設　がらくた市,02/14/2025,03:00 PM,02/14/2025,04:00 PM,False,,,False
エベラ動画作成,07/30/2025,05:30 PM,07/30/2025,07:00 PM,False,,,False
SK-Park　ワイヤー作成,10/09/2025,12:00 PM,10/09/2025,01:30 PM,False,,,False
参考サイト探索,02/04/2026,06:30 PM,02/04/2026,07:00 PM,False,,,False
エベラ　画像作成,03/02/2026,04:30 PM,03/02/2026,05:00 PM,False,,,False
エベラ出荷,11/05/2025,02:00 PM,11/05/2025,03:00 PM,False,,,False
ショウエイスポーツ　更新,02/28/2025,06:15 PM,02/28/2025,07:00 PM,False,,,False
ショウエイ保守　みなと,02/16/2026,05:00 PM,02/16/2026,05:30 PM,False,,,False
エベラ出荷,10/27/2025,02:00 PM,10/27/2025,03:00 PM,False,,,False
メルマガ概要作成,03/06/2025,04:00 PM,03/06/2025,04:30 PM,False,,,False
メルマガ概要作成,09/08/2025,04:30 PM,09/08/2025,06:00 PM,False,,,False
ユニバーサル広告数値入力,02/25/2025,10:30 AM,02/25/2025,11:00 AM,False,,,False
ショウエイおしらせ修正,05/23/2025,04:30 PM,05/23/2025,06:00 PM,False,,,False
エベラ出荷,09/18/2025,03:30 PM,09/18/2025,04:00 PM,False,,,False
昭和建設,11/05/2025,01:30 PM,11/05/2025,02:00 PM,False,,,False
横浜在宅医療推進会　カレンダー,07/25/2025,04:30 PM,07/25/2025,06:00 PM,False,,,False
ショウエイスポーツクラブ　修正,12/04/2025,11:30 AM,12/04/2025,12:30 PM,False,,,False
ゴーゴーお片付けデザイン制作,04/17/2025,10:00 AM,04/17/2025,02:30 PM,False,,,False
LP資料作成,10/15/2025,02:30 PM,10/15/2025,03:00 PM,False,,,False
ユニバーサル　広告数値入力,03/10/2025,11:00 AM,03/10/2025,11:15 AM,False,,,False
エルムズクリエイト　修正,03/02/2026,03:30 PM,03/02/2026,04:00 PM,False,,,False
西中島グランドハイツ広告打ち合わせ,12/04/2025,03:00 PM,12/04/2025,05:00 PM,False,,,False
朝礼,02/24/2026,10:00 AM,02/24/2026,10:30 AM,False,,,False
広告明細書出力,08/08/2025,05:30 PM,08/08/2025,07:00 PM,False,,,False
エベラ　画像作成準備,02/26/2025,06:00 PM,02/26/2025,07:00 PM,False,,,False
Suikosha問い合わせ対応,05/21/2025,02:00 PM,05/21/2025,02:30 PM,False,,,False
ショウエイみなとお知らせ,01/14/2026,12:30 PM,01/14/2026,02:00 PM,False,,,False
エベラ出荷,04/07/2025,02:30 PM,04/07/2025,03:00 PM,False,,,False
エベラプロダクツ出荷作業,02/03/2025,01:30 PM,02/03/2025,02:30 PM,False,,,False
エベラ出荷,10/02/2025,02:00 PM,10/02/2025,03:00 PM,False,,,False
ダイサン様　過請求　確認,08/22/2025,02:00 PM,08/22/2025,03:00 PM,False,,,False
エルムズクリエイト　修正,02/17/2026,03:00 PM,02/17/2026,04:00 PM,False,,,False
レトロワグラン広告出稿,12/11/2025,05:00 PM,12/11/2025,05:30 PM,False,,,False
広告コンバージョン設定,03/06/2025,10:30 AM,03/06/2025,11:30 AM,False,,,False
AI生成画像調査,09/30/2025,04:00 PM,09/30/2025,05:00 PM,False,,,False
PDF文字起こし,02/27/2025,03:30 PM,02/27/2025,04:00 PM,False,,,False
請求書作成,11/26/2025,10:30 AM,11/26/2025,11:30 AM,False,,,False
エベラ画像作成,09/04/2025,10:00 AM,09/04/2025,10:30 AM,False,,,False
suikosha広告レポート引継ぎ,05/08/2025,10:00 AM,05/08/2025,10:30 AM,False,,,False
チラシ参考探索,02/12/2026,05:00 PM,02/12/2026,06:00 PM,False,,,False
JP名刺入稿,07/29/2025,02:30 PM,07/29/2025,03:00 PM,False,,,False
エベラSNS動画作成,08/08/2025,04:00 PM,08/08/2025,05:30 PM,False,,,False
エベラ出荷,06/24/2025,01:00 PM,06/24/2025,01:30 PM,False,,,False
sinker ロゴマーク作成,03/05/2025,10:30 AM,03/05/2025,12:00 PM,False,,,False
経費精算シート入力,07/30/2025,05:00 PM,07/30/2025,05:30 PM,False,,,False
広告レポート　引継ぎ,05/07/2025,11:00 AM,05/07/2025,12:30 PM,False,,,False
ゴーゴーお片付けデザイン制,04/15/2025,05:15 PM,04/15/2025,07:00 PM,False,,,False
西中島グランドハイツ広告レポート,02/02/2026,11:00 AM,02/02/2026,11:30 AM,False,,,False
画面幅　打ち合わせ,02/18/2026,10:30 AM,02/18/2026,11:00 AM,False,,,False
サーチコンソール・アナリティクス,02/25/2025,11:00 AM,02/25/2025,11:30 AM,False,,,False
リンク大阪・光聖寺　アクセス解析打ち合わせ,08/19/2025,06:30 PM,08/19/2025,07:00 PM,False,,,False
ダイサン名刺,02/02/2026,12:30 PM,02/02/2026,01:00 PM,False,,,False
保育協会　デザイン制作,05/28/2025,04:30 PM,05/28/2025,07:00 PM,False,,,False
クレセント　請求書作成,03/02/2026,11:30 AM,03/02/2026,01:00 PM,False,,,False
エベラプロダクツ出荷作業,04/09/2025,03:30 PM,04/09/2025,03:45 PM,False,,,False
エベラ出荷,03/19/2025,02:00 PM,03/19/2025,03:00 PM,False,,,False
ゴーゴーお片付け　修正,04/25/2025,12:00 PM,04/25/2025,01:30 PM,False,,,False
エベラ出荷,02/19/2026,02:00 PM,02/19/2026,03:00 PM,False,,,False
ショウエイ広告コンバージョン設定,05/13/2025,11:30 AM,05/13/2025,01:00 PM,False,,,False
ユニバーサル　レポート作成,03/05/2025,10:00 AM,03/05/2025,10:30 AM,False,,,False
みなと春の短期教室LP修正,01/19/2026,01:00 PM,01/19/2026,02:00 PM,False,,,False
ショウエイみなとお知らせ本番アップ,06/02/2025,10:00 AM,06/02/2025,10:30 AM,False,,,False
畑山自動車デザイン,05/16/2025,03:45 PM,05/16/2025,04:30 PM,False,,,False
ショウエイ保守　四条畷,02/25/2026,05:30 PM,02/25/2026,06:00 PM,False,,,False
エベラ出荷,12/22/2025,02:00 PM,12/22/2025,03:00 PM,False,,,False
ショウエイスポーツクラブ　四条畷　本番アップ,12/08/2025,10:00 AM,12/08/2025,10:30 AM,False,,,False
コレクティブプロジェクト　広告レポート作成,04/04/2025,10:00 AM,04/04/2025,12:00 PM,False,,,False
ショウエイみなとおしらせ,07/11/2025,10:00 AM,07/11/2025,10:30 AM,False,,,False
参考サイト探索,10/08/2025,10:00 AM,10/08/2025,12:00 PM,False,,,False
ショウエイみなとLP,05/20/2025,04:00 PM,05/20/2025,06:30 PM,False,,,False
ショウエイみなとおしらせ作成,05/22/2025,11:00 AM,05/22/2025,01:00 PM,False,,,False
レトロワグラン　カード修正,07/16/2025,11:00 AM,07/16/2025,03:30 PM,False,,,False
ピアノ教室　デザイン制作,08/26/2025,02:00 PM,08/26/2025,04:00 PM,False,,,False
請求書作成,09/30/2025,12:00 PM,09/30/2025,03:00 PM,False,,,False
アクセス解析レポート作成,06/06/2025,11:30 AM,06/06/2025,01:45 PM,False,,,False
エベラ画像作成,07/14/2025,05:00 PM,07/14/2025,06:00 PM,False,,,False
請求書作成,10/29/2025,01:00 PM,10/29/2025,02:30 PM,False,,,False
トキワシステムテクノロジーズ　デザイン修正,02/25/2025,02:00 PM,02/25/2025,03:30 PM,False,,,False
待機,12/26/2025,04:30 PM,12/26/2025,05:30 PM,False,,,False
アクセス解析レポート　引継ぎ,05/07/2025,12:30 PM,05/07/2025,02:00 PM,False,,,False
エベラ出荷,10/16/2025,02:30 PM,10/16/2025,03:00 PM,False,,,False
エベラ出荷,12/23/2025,01:00 PM,12/23/2025,04:00 PM,False,,,False
光聖寺　SEO対策,05/07/2025,04:30 PM,05/07/2025,06:00 PM,False,,,False
ピアノ教室デザイン制作,08/29/2025,04:00 PM,08/29/2025,07:00 PM,False,,,False
ビーコネクト　検索サイト,01/21/2026,04:30 PM,01/21/2026,05:00 PM,False,,,False
ショウエイみなと春の短期教室広告,01/16/2026,10:30 AM,01/16/2026,11:00 AM,False,,,False
エベラ出荷,04/01/2025,02:00 PM,04/01/2025,02:30 PM,False,,,False
保育協会　デザイン制作,05/28/2025,12:30 PM,05/28/2025,02:00 PM,False,,,False
昭和建設,11/27/2025,12:30 PM,11/27/2025,01:00 PM,False,,,False
エベラ出荷,03/11/2025,01:30 PM,03/11/2025,02:30 PM,False,,,False
清水製作所デザイン制作,04/30/2025,11:00 AM,04/30/2025,01:00 PM,False,,,False
Suikosha様　広告設定,03/19/2025,01:30 PM,03/19/2025,02:00 PM,False,,,False
エベラ動画作成,07/29/2025,04:00 PM,07/29/2025,07:00 PM,False,,,False
エベラ出荷,02/16/2026,02:00 PM,02/16/2026,03:30 PM,False,,,False
レトロワグラン　バナー調整・広告設定,03/07/2025,01:30 PM,03/07/2025,03:00 PM,False,,,False
よこはま建設業魅力発信コンソーシア,11/04/2025,03:00 PM,11/04/2025,03:30 PM,False,,,False
LP企画ヒアリングシート,02/20/2026,06:00 PM,02/20/2026,07:00 PM,False,,,False
ショウエイみなと春の短期教室修正,01/19/2026,10:00 AM,01/19/2026,10:30 AM,False,,,False
エルムズクリエイトデザイン制作,07/14/2025,11:00 AM,07/14/2025,12:30 PM,False,,,False
光聖寺広告レポート,04/14/2025,11:00 AM,04/14/2025,12:45 PM,False,,,False
エルムズクリエイトデザイン制作,07/23/2025,02:30 PM,07/23/2025,03:00 PM,False,,,False
Suikosha　広告　報告,09/01/2025,11:30 AM,09/01/2025,12:00 PM,False,,,False
ショウエイみなとお知らせ作成,07/22/2025,11:00 AM,07/22/2025,11:30 AM,False,,,False
ショウエイ広告画像作成,04/25/2025,10:00 AM,04/25/2025,11:00 AM,False,,,False
ショウエイ　広告レポート作成,04/14/2025,10:00 AM,04/14/2025,10:15 AM,False,,,False
LP企画ページデザイン,02/16/2026,11:00 AM,02/16/2026,01:00 PM,False,,,False
エベラ出荷,07/02/2025,02:00 PM,07/02/2025,03:00 PM,False,,,False
LP企画チラシ作成,12/23/2025,06:00 PM,12/23/2025,07:00 PM,False,,,False
エベラ出荷,01/08/2026,02:00 PM,01/08/2026,03:30 PM,False,,,False
エルムズクリエイトデザイン制作,07/25/2025,03:30 PM,07/25/2025,04:30 PM,False,,,False
メルマガ配信,12/24/2025,01:00 PM,12/24/2025,01:30 PM,False,,,False
エベラトライアルキット,01/26/2026,04:30 PM,01/26/2026,07:00 PM,False,,,False
Fcebookアカウント　打ち合わせ,09/11/2025,10:30 AM,09/11/2025,11:30 AM,False,,,False
エベラ出荷,01/07/2026,02:00 PM,01/07/2026,03:00 PM,False,,,False
保守・更新確認表入力,08/21/2025,10:00 AM,08/21/2025,03:30 PM,False,,,False
エベラ出荷,07/10/2025,05:30 PM,07/10/2025,07:00 PM,False,,,False
朝礼,12/22/2025,10:00 AM,12/22/2025,11:00 AM,False,,,False
エルムズクリエイト　デザイン制作,07/02/2025,04:00 PM,07/02/2025,07:00 PM,False,,,False
エベラ印刷物制作,01/09/2026,10:00 AM,01/09/2026,02:00 PM,False,,,False
アクセス解析レポート データ見直し・修正,09/10/2025,10:00 AM,09/10/2025,02:00 PM,False,,,False
レトロワグラン打ち合わせ・ページ修正,10/30/2025,03:00 PM,10/30/2025,04:30 PM,False,,,False
ショウエイ　本番アップ,09/01/2025,11:00 AM,09/01/2025,11:30 AM,False,,,False
ショウエイ四条畷カレンダー,12/01/2025,10:30 AM,12/01/2025,02:00 PM,False,,,False
山長　バッジ　デザイン,02/20/2025,04:30 PM,02/20/2025,05:30 PM,False,,,False
ショウエイ四条畷LP作成,03/21/2025,05:00 PM,03/21/2025,07:00 PM,False,,,False
エベラプロダクツ出荷作業,02/26/2025,02:00 PM,02/26/2025,03:00 PM,False,,,False
エベラ出荷,01/23/2026,02:00 PM,01/23/2026,03:00 PM,False,,,False
エベラSNS動画作成,08/07/2025,12:00 PM,08/07/2025,03:00 PM,False,,,False
エベラ画像作成,07/15/2025,01:00 PM,07/15/2025,02:00 PM,False,,,False
JP株式会社入稿データ作成,03/07/2025,10:00 AM,03/07/2025,10:30 AM,False,,,False
ショウエイ　みなと　おしらせ,02/19/2025,12:00 PM,02/19/2025,01:00 PM,False,,,False
ミライ献血会議ワイヤー,02/28/2025,03:45 PM,02/28/2025,06:15 PM,False,,,False
ショウエイスポーツフィットネス広告設置,04/17/2025,03:30 PM,04/17/2025,05:30 PM,False,,,False
経費精算シート入力,02/20/2026,04:30 PM,02/20/2026,05:00 PM,False,,,False
昭和建設,11/27/2025,10:30 AM,11/27/2025,12:00 PM,False,,,False
横浜ゆるすぽデザイン,05/12/2025,10:00 AM,05/12/2025,02:00 PM,False,,,False
ショウエイ四条畷バナー追加,06/02/2025,10:30 AM,06/02/2025,11:00 AM,False,,,False
LP企画チラシ作成,12/18/2025,03:00 PM,12/18/2025,04:00 PM,False,,,False
レトロワグラン様　カード修正,07/18/2025,10:00 AM,07/18/2025,10:30 AM,False,,,False
経費精算シート入力,01/22/2026,10:15 AM,01/22/2026,10:30 AM,False,,,False
ドイツクリスマス修正,11/27/2025,01:00 PM,11/27/2025,01:30 PM,False,,,False
ショウエイスポーツクラブおしらせ,12/15/2025,05:30 PM,12/15/2025,07:00 PM,False,,,False
ボンテック名刺修正,12/23/2025,11:00 AM,12/23/2025,11:30 AM,False,,,False
エベラ出荷,07/23/2025,02:00 PM,07/23/2025,02:30 PM,False,,,False
山長　バナー作成・更新,02/27/2025,04:00 PM,02/27/2025,06:00 PM,False,,,False
LP探索,09/18/2025,01:30 PM,09/18/2025,03:30 PM,False,,,False
打ち合わせ,02/13/2026,10:00 AM,02/13/2026,12:30 PM,False,,,False
エベラSNS画像準備,07/24/2025,04:00 PM,07/24/2025,04:30 PM,False,,,False
エベラ画像作成,09/19/2025,03:30 PM,09/19/2025,05:00 PM,False,,,False
エベラ画像作成,02/25/2026,10:30 AM,02/25/2026,11:00 AM,False,,,False
ミーティング,06/03/2025,04:00 PM,06/03/2025,05:00 PM,False,,,False
昭和建設採用ページ(23.5h),09/17/2025,04:00 PM,09/17/2025,07:00 PM,False,,,False
エベラ画像作成,06/16/2025,10:00 AM,06/16/2025,02:00 PM,False,,,False
エルムズクリエイト　保守,03/03/2026,10:30 AM,03/03/2026,12:30 PM,False,,,False
参考サイト探索,02/17/2026,11:00 AM,02/17/2026,01:00 PM,False,,,False
請求書作成,12/25/2025,03:30 PM,12/25/2025,05:00 PM,False,,,False
竹澤ビル様　名刺入稿,04/07/2025,10:30 AM,04/07/2025,11:00 AM,False,,,False
GA4ユーザー追加,01/21/2026,04:00 PM,01/21/2026,04:30 PM,False,,,False
エベラ福袋画像作成,12/03/2025,06:00 PM,12/03/2025,07:00 PM,False,,,False
エベラ出荷,07/28/2025,02:00 PM,07/28/2025,03:00 PM,False,,,False
年末のご挨拶　作成,12/12/2025,06:00 PM,12/12/2025,07:00 PM,False,,,False
Suikosha様　広告出稿,07/10/2025,10:00 AM,07/10/2025,11:00 AM,False,,,False
エベラ出荷,07/24/2025,02:00 PM,07/24/2025,03:00 PM,False,,,False
LP企画ページデザイン,02/19/2026,10:00 AM,02/19/2026,02:00 PM,False,,,False
山長　修正,02/04/2025,01:30 PM,02/04/2025,01:45 PM,False,,,False
清水製作所　デザイン制作,04/18/2025,03:15 PM,04/18/2025,05:00 PM,False,,,False
JP名刺入稿データ作成,03/27/2025,02:45 PM,03/27/2025,03:00 PM,False,,,False
ショウエイ広告期間入力,04/17/2025,05:30 PM,04/17/2025,06:00 PM,False,,,False
経費精算シート入力・PDFダウンロード,01/06/2026,11:30 AM,01/06/2026,01:00 PM,False,,,False
保育協会　デザイン制作,05/28/2025,03:00 PM,05/28/2025,04:00 PM,False,,,False
広告支払方法調査,08/27/2025,10:00 AM,08/27/2025,11:00 AM,False,,,False
レトロワグラン様　バナー,08/26/2025,06:00 PM,08/26/2025,07:00 PM,False,,,False
参考サイト探索,10/09/2025,10:00 AM,10/09/2025,12:00 PM,False,,,False
ショウエイ四条畷カレンダー,12/01/2025,03:00 PM,12/01/2025,04:00 PM,False,,,False
JP名刺校正データ作成,02/10/2025,10:30 AM,02/10/2025,11:00 AM,False,,,False
エベラ画像作成,12/24/2025,06:30 PM,12/24/2025,07:00 PM,False,,,False
エベラ出荷,05/22/2025,02:00 PM,05/22/2025,02:30 PM,False,,,False
清水製作所　デザイン,04/28/2025,03:45 PM,04/28/2025,06:30 PM,False,,,False
昭和建設,11/05/2025,03:00 PM,11/05/2025,03:30 PM,False,,,False
エベラ出荷,03/27/2025,02:00 PM,03/27/2025,02:45 PM,False,,,False
ユニバーサルフィルマーケット　広告出稿,07/07/2025,10:00 AM,07/07/2025,11:00 AM,False,,,False
支払方法調査,01/30/2026,10:00 AM,01/30/2026,01:00 PM,False,,,False
ショウエイトップデザイン,01/07/2026,10:00 AM,01/07/2026,02:00 PM,False,,,False
ショウエイスポーツクラブおしらせ作成,05/14/2025,10:00 AM,05/14/2025,12:00 PM,False,,,False
浄土宗保育　ポスター,02/18/2026,11:00 AM,02/18/2026,12:30 PM,False,,,False
エベラ画像作成,12/09/2025,11:00 AM,12/09/2025,03:00 PM,False,,,False
ReWEBテンプレート一覧,02/13/2025,10:00 AM,02/13/2025,01:30 PM,False,,,False
ショウエイおしらせ修正,10/06/2025,04:00 PM,10/06/2025,04:30 PM,False,,,False
よこはま建設業魅力発信,10/22/2025,04:00 PM,10/22/2025,05:00 PM,False,,,False
更新管理表作成,12/09/2025,06:00 PM,12/09/2025,07:00 PM,False,,,False
エベラ出荷,07/22/2025,02:00 PM,07/22/2025,03:00 PM,False,,,False
Suikosha　サイト修正,04/08/2025,10:30 AM,04/08/2025,11:00 AM,False,,,False
未収調査,06/04/2025,05:30 PM,06/04/2025,07:00 PM,False,,,False
エルムズクリエイトデザイン制作,07/23/2025,12:30 PM,07/23/2025,02:00 PM,False,,,False
ユニバーサル広告数値入力,02/26/2025,10:30 AM,02/26/2025,11:00 AM,False,,,False
ショウエイ広告調整,06/10/2025,01:30 PM,06/10/2025,02:00 PM,False,,,False
PPCアフィリエイト調査,10/07/2025,10:00 AM,10/07/2025,12:00 PM,False,,,False
ショウエイ四条畷広告修正・作成,11/17/2025,10:00 AM,11/17/2025,12:00 PM,False,,,False
西中島グランドハイツ　修正,07/07/2025,04:30 PM,07/07/2025,05:00 PM,False,,,False
エベラ出荷,01/14/2026,02:00 PM,01/14/2026,04:00 PM,False,,,False
エベラ画像作成,02/28/2025,10:00 AM,02/28/2025,01:30 PM,False,,,False
経費精算シート入力,06/05/2025,03:30 PM,06/05/2025,05:30 PM,False,,,False
JP見積書作成,06/09/2025,04:00 PM,06/09/2025,04:30 PM,False,,,False
エルムズクリエイト　デザイン,05/15/2025,04:00 PM,05/15/2025,07:00 PM,False,,,False
ショウエイみなとLP,03/21/2025,11:30 AM,03/21/2025,02:30 PM,False,,,False
ショウエイ四条畷おしらせ作成,09/12/2025,01:00 PM,09/12/2025,02:30 PM,False,,,False
ショウエイスポーツ広告数値入力,03/10/2025,10:00 AM,03/10/2025,10:45 AM,False,,,False
メルマガ概要作成,02/26/2025,11:00 AM,02/26/2025,02:00 PM,False,,,False
横浜住宅医療推進会LPデザイン制作,07/04/2025,10:00 AM,07/04/2025,01:00 PM,False,,,False
LP企画ページデザイン,02/05/2026,03:00 PM,02/05/2026,04:00 PM,False,,,False
エベラ出荷,07/01/2025,01:00 PM,07/01/2025,02:00 PM,False,,,False
エベラ出荷,03/31/2025,02:00 PM,03/31/2025,02:30 PM,False,,,False
エベラ出荷,12/08/2025,02:00 PM,12/08/2025,03:00 PM,False,,,False
suikosha インスタ　調査,03/04/2025,12:00 PM,03/04/2025,01:30 PM,False,,,False
請求書作成,06/04/2025,10:00 AM,06/04/2025,01:00 PM,False,,,False
レイアウト図作成,10/22/2025,05:00 PM,10/22/2025,07:00 PM,False,,,False
経費精算シート入力,10/30/2025,05:30 PM,10/30/2025,06:15 PM,False,,,False
デザイン打ち合わせ,09/10/2025,04:00 PM,09/10/2025,04:30 PM,False,,,False
エベラ画像作成,09/04/2025,04:30 PM,09/04/2025,06:00 PM,False,,,False
ReWebテンプレート一覧作成,02/13/2025,02:00 PM,02/13/2025,03:30 PM,False,,,False
ショウエイみなとお知らせ作成,06/12/2025,06:30 PM,06/12/2025,07:00 PM,False,,,False
LP企画他社比較,10/20/2025,04:30 PM,10/20/2025,07:00 PM,False,,,False
出倉さんデザインチェック,12/22/2025,06:30 PM,12/22/2025,07:00 PM,False,,,False
LP企画打ち合わせ,10/23/2025,10:00 AM,10/23/2025,10:30 AM,False,,,False
Suikosha　広告設置,02/19/2025,03:30 PM,02/19/2025,05:00 PM,False,,,False
メルマガ,09/02/2025,10:00 AM,09/02/2025,02:00 PM,False,,,False
光聖寺　Google広告　設定,04/10/2025,03:00 PM,04/10/2025,04:00 PM,False,,,False
ショウエイスポーツレポート作成,03/17/2025,10:15 AM,03/17/2025,10:30 AM,False,,,False
エベラ動画作成,07/31/2025,04:00 PM,07/31/2025,07:00 PM,False,,,False
レトロワグランCSV抽出,03/10/2025,11:45 AM,03/10/2025,12:30 PM,False,,,False
ショウエイスポーツクラブ　保守,12/15/2025,10:30 AM,12/15/2025,02:00 PM,False,,,False
ショウエイみなとカレンダー公開,11/10/2025,10:00 AM,11/10/2025,12:00 PM,False,,,False
ショウエイ四条畷ｌP制作,03/28/2025,01:00 PM,03/28/2025,03:00 PM,False,,,False
コロンビア　おしらせ,08/07/2025,10:00 AM,08/07/2025,10:30 AM,False,,,False
清水製作所　デザイン制作,04/18/2025,11:00 AM,04/18/2025,02:00 PM,False,,,False
トキワシステムテクノロジーズ　画像事業部,02/04/2025,03:00 PM,02/04/2025,07:00 PM,False,,,False
昭和建設　フィードバック,02/13/2026,06:30 PM,02/13/2026,07:00 PM,False,,,False
レトロワグラン広告出稿,10/09/2025,02:30 PM,10/09/2025,03:00 PM,False,,,False
JP名刺,08/18/2025,10:00 AM,08/18/2025,10:30 AM,False,,,False
Suikosha様広告レポート作成,04/18/2025,10:45 AM,04/18/2025,11:00 AM,False,,,False
糸井さんデザインチェック,11/28/2025,02:30 PM,11/28/2025,03:00 PM,False,,,False
レトロワグラン　画像比率調査・問い合わせ,06/27/2025,05:30 PM,06/27/2025,07:00 PM,False,,,False
エルムズクリエイト　修正,02/13/2026,04:30 PM,02/13/2026,05:30 PM,False,,,False
ビーコネクト　検索サイト,01/23/2026,03:00 PM,01/23/2026,04:00 PM,False,,,False
ドイツクリスマス　マップ,11/25/2025,03:00 PM,11/25/2025,04:00 PM,False,,,False
google広告適正確認,05/21/2025,10:00 AM,05/21/2025,11:00 AM,False,,,False
エベラ出荷,10/30/2025,02:00 PM,10/30/2025,03:00 PM,False,,,False
浄土宗保育協会　見積書作成,02/18/2026,12:30 PM,02/18/2026,01:00 PM,False,,,False
エルムズクリエイト様　デザイン制作,06/27/2025,04:00 PM,06/27/2025,05:00 PM,False,,,False
ショウエイ保守　みなとおしらせアップ,02/02/2026,10:30 AM,02/02/2026,11:00 AM,False,,,False
ショウエイトップデザイン,01/07/2026,03:00 PM,01/07/2026,04:30 PM,False,,,False
JP名刺作成・見積作成,10/10/2025,10:00 AM,10/10/2025,12:30 PM,False,,,False
LP企画ページデザイン,02/10/2026,05:00 PM,02/10/2026,07:00 PM,False,,,False
エルムズクリエイト　デザイン,05/15/2025,12:00 PM,05/15/2025,03:00 PM,False,,,False
エベラ出荷,07/11/2025,05:30 PM,07/11/2025,07:00 PM,False,,,False
エルムズクリエイトデザイン制作,07/03/2025,11:00 AM,07/03/2025,02:00 PM,False,,,False
トキワシステムテクノロジーズ株式会社　修正,02/26/2025,10:00 AM,02/26/2025,10:30 AM,False,,,False
ショウエイみなと四条畷広告設置,02/19/2025,01:00 PM,02/19/2025,02:00 PM,False,,,False
モーラステープLPデザイン制作,07/07/2025,11:00 AM,07/07/2025,02:00 PM,False,,,False
請求書作成,02/25/2026,10:00 AM,02/25/2026,10:30 AM,False,,,False
トキワシステムテクノロジーズ　油圧事業部,02/03/2025,10:30 AM,02/03/2025,01:30 PM,False,,,False
ショウエイスポーツクラブ　みなと　おしらせ,12/11/2025,05:30 PM,12/11/2025,06:00 PM,False,,,False
ショウエイお知らせアップ方法引継ぎ,05/08/2025,11:30 AM,05/08/2025,12:00 PM,False,,,False
エベラ出荷,09/08/2025,12:30 PM,09/08/2025,03:00 PM,False,,,False
エベラ　出荷,03/02/2026,01:30 PM,03/02/2026,03:30 PM,False,,,False
畑山自動車　デザイン,05/16/2025,12:30 PM,05/16/2025,02:00 PM,False,,,False
横浜ゆるすぽデザイン,05/12/2025,02:30 PM,05/12/2025,03:30 PM,False,,,False
更新管理表作成,12/08/2025,03:00 PM,12/08/2025,04:00 PM,False,,,False
エベラトライアルキット,01/28/2026,05:30 PM,01/28/2026,07:00 PM,False,,,False
エベラ画像作成,09/08/2025,10:00 AM,09/08/2025,10:30 AM,False,,,False
アクセス解析レポート,02/05/2025,10:00 AM,02/05/2025,12:30 PM,False,,,False
JP株式会社名刺校正データ作成,03/06/2025,10:00 AM,03/06/2025,10:30 AM,False,,,False
年末のご挨拶,12/16/2025,10:00 AM,12/16/2025,11:00 AM,False,,,False
レトロワグラン　ロゴ探索,08/28/2025,10:00 AM,08/28/2025,10:30 AM,False,,,False
LP企画　調査,10/02/2025,10:00 AM,10/02/2025,12:00 PM,False,,,False
広告支払方法変更,08/29/2025,10:00 AM,08/29/2025,11:00 AM,False,,,False
席　レイアウト図作成,12/23/2025,05:30 PM,12/23/2025,06:00 PM,False,,,False
エベラ　出荷,03/03/2026,02:00 PM,03/03/2026,03:00 PM,False,,,False
ショウエイ四条畷おしらせ,10/10/2025,04:00 PM,10/10/2025,05:00 PM,False,,,False
ピアノ教室デザイン制作,08/28/2025,02:30 PM,08/28/2025,04:00 PM,False,,,False
エルムズクリエイト修正,02/04/2026,03:00 PM,02/04/2026,03:30 PM,False,,,False
エベラ出荷,06/23/2025,01:00 PM,06/23/2025,03:00 PM,False,,,False
ボンテックデータ探索,12/23/2025,11:30 AM,12/23/2025,12:00 PM,False,,,False
ショウエイ　四条畷　LP修正,03/28/2025,05:30 PM,03/28/2025,06:30 PM,False,,,False
ショウエイみなとおしらせ作成,05/21/2025,06:00 PM,05/21/2025,07:00 PM,False,,,False
ショウエイスポーツクラブ様　四条畷　LP,11/13/2025,05:00 PM,11/13/2025,07:00 PM,False,,,False
昭和建設,10/28/2025,06:00 PM,10/28/2025,07:00 PM,False,,,False
LP企画打ち合わせ,10/16/2025,12:00 PM,10/16/2025,01:00 PM,False,,,False
エベラ出荷,12/19/2025,02:00 PM,12/19/2025,02:30 PM,False,,,False
エベラ出荷,08/27/2025,04:00 PM,08/27/2025,04:30 PM,False,,,False
浄土宗保育協会　糸井さん指示,02/13/2026,04:00 PM,02/13/2026,04:30 PM,False,,,False
クライアントフォルダ整理,11/21/2025,10:30 AM,11/21/2025,12:00 PM,False,,,False
請求書作成,11/26/2025,12:00 PM,11/26/2025,01:00 PM,False,,,False
竹澤ビル　名刺入稿データ作成・入稿,04/08/2025,10:00 AM,04/08/2025,10:30 AM,False,,,False
ショウエイ広告レポート,05/07/2025,10:30 AM,05/07/2025,11:00 AM,False,,,False
4月の営業時間本番アップ,04/01/2025,10:00 AM,04/01/2025,10:30 AM,False,,,False
エベラ画像作成,06/17/2025,03:00 PM,06/17/2025,07:00 PM,False,,,False
よこはま建設業魅力発信メモ,10/29/2025,10:00 AM,10/29/2025,10:30 AM,False,,,False
よこはま建設業魅力発信,10/22/2025,10:00 AM,10/22/2025,10:30 AM,False,,,False
エベラSNS動画作成,08/07/2025,04:00 PM,08/07/2025,07:00 PM,False,,,False
昭和建設60周年(11h),09/19/2025,05:30 PM,09/19/2025,07:00 PM,False,,,False
よこはまコンソーシアム請求書,11/28/2025,04:00 PM,11/28/2025,04:30 PM,False,,,False
NSジャパンデザイン制作,11/19/2025,02:30 PM,11/19/2025,03:30 PM,False,,,False
光聖寺広告レポート作成,04/28/2025,10:15 AM,04/28/2025,10:30 AM,False,,,False
エベラ出荷,10/15/2025,02:00 PM,10/15/2025,02:30 PM,False,,,False
LP企画チラシ作成,01/05/2026,06:00 PM,01/05/2026,07:00 PM,False,,,False
レトロワグラン　各種カード　データ探索・確認,07/15/2025,04:30 PM,07/15/2025,07:00 PM,False,,,False
朝礼,01/26/2026,10:00 AM,01/26/2026,10:30 AM,False,,,False
エベラ画像作成,09/03/2025,12:00 PM,09/03/2025,02:00 PM,False,,,False
エベラ出荷,09/01/2025,02:00 PM,09/01/2025,03:00 PM,False,,,False
横浜ゆるすぽデザイン,05/13/2025,01:00 PM,05/13/2025,02:30 PM,False,,,False
ライブ配信画面調査,10/15/2025,04:00 PM,10/15/2025,05:00 PM,False,,,False
エベラ画像作成,09/11/2025,11:30 AM,09/11/2025,02:00 PM,False,,,False
ショウエイ四条畷春の短期教室,01/20/2026,01:00 PM,01/20/2026,02:00 PM,False,,,False
エベラ出荷,06/04/2025,02:00 PM,06/04/2025,03:00 PM,False,,,False
面談,07/02/2025,12:00 PM,07/02/2025,12:30 PM,False,,,False
ショウエイスポーツLP修正,01/20/2026,05:00 PM,01/20/2026,07:00 PM,False,,,False
ゴーゴーお片付け　デザイン制作,04/11/2025,04:30 PM,04/11/2025,05:30 PM,False,,,False
よこはま建設業魅力発信,10/24/2025,10:00 AM,10/24/2025,03:00 PM,False,,,False
カードブランド調査,09/18/2025,05:30 PM,09/18/2025,07:00 PM,False,,,False
ショウエイ四条畷広告作成,11/14/2025,04:30 PM,11/14/2025,07:00 PM,False,,,False
エベラ出荷,03/17/2025,01:30 PM,03/17/2025,03:00 PM,False,,,False
メルマガ概要作成,02/20/2025,12:00 PM,02/20/2025,02:00 PM,False,,,False
よこはま建設業魅力発信,10/23/2025,10:30 AM,10/23/2025,02:00 PM,False,,,False
タスク整理,01/31/2025,06:30 PM,01/31/2025,07:00 PM,False,,,False
LP企画打ち合わせ,09/26/2025,10:00 AM,09/26/2025,12:00 PM,False,,,False
ショウエイ四条畷おしらせ作成,04/18/2025,10:00 AM,04/18/2025,10:45 AM,False,,,False
エベラトライアルキット,01/26/2026,12:00 PM,01/26/2026,02:00 PM,False,,,False
エベラ出荷,08/12/2025,02:00 PM,08/12/2025,03:00 PM,False,,,False
エベラ梱包材運び入れ,10/31/2025,10:00 AM,10/31/2025,11:00 AM,False,,,False
ライブ配信画面　デザイン制作,10/20/2025,10:00 AM,10/20/2025,01:00 PM,False,,,False
ビーコネクト　検索サイト,01/22/2026,03:00 PM,01/22/2026,04:00 PM,False,,,False
ショウエイ四条畷LP制作,03/24/2025,04:30 PM,03/24/2025,06:30 PM,False,,,False
ショウエイスポーツクラブ様　おしらせアップ,07/01/2025,10:00 AM,07/01/2025,10:30 AM,False,,,False
エベラ出荷,02/06/2026,02:00 PM,02/06/2026,03:00 PM,False,,,False
Suikosha広告レポート,08/18/2025,10:30 AM,08/18/2025,11:00 AM,False,,,False
光聖寺広告レポート作成,05/02/2025,03:00 PM,05/02/2025,03:30 PM,False,,,False
石井建設工業　下層ページ　デザイン,03/31/2025,04:00 PM,03/31/2025,07:00 PM,False,,,False
ショウエイみなとおしらせ作成,02/21/2025,10:00 AM,02/21/2025,10:30 AM,False,,,False
エベラ出荷,11/20/2025,02:00 PM,11/20/2025,03:00 PM,False,,,False
エベラ画像修正,12/12/2025,04:00 PM,12/12/2025,06:00 PM,False,,,False
請求書作成,09/30/2025,06:30 PM,09/30/2025,07:00 PM,False,,,False
横浜ゆるスポーツ協会　デザイン制作,05/26/2025,05:30 PM,05/26/2025,07:00 PM,False,,,False
案件DB修正,02/03/2025,02:30 PM,02/03/2025,03:00 PM,False,,,False
よこはま建設業魅力発信,10/27/2025,11:00 AM,10/27/2025,12:00 PM,False,,,False
エルムズクリエイト　コーポレートサイト　デザイン,06/24/2025,01:30 PM,06/24/2025,03:30 PM,False,,,False
ミライ献血会議文字校正,03/17/2025,05:30 PM,03/17/2025,07:00 PM,False,,,False
朝礼,02/16/2026,10:00 AM,02/16/2026,11:00 AM,False,,,False
請求書作成,10/29/2025,10:30 AM,10/29/2025,12:00 PM,False,,,False
Suikosha　ユニバーサル・ミニオンズモール　広告レポート作成,03/27/2025,10:00 AM,03/27/2025,11:30 AM,False,,,False
ショウエイ四条畷おしらせ画像作成,05/08/2025,10:30 AM,05/08/2025,11:30 AM,False,,,False
ショウエイ四条畷おしらせ,01/15/2026,12:00 PM,01/15/2026,02:00 PM,False,,,False
昭和建設デザイン修正,12/25/2025,11:00 AM,12/25/2025,12:00 PM,False,,,False
エベラ出荷,01/28/2026,02:30 PM,01/28/2026,03:00 PM,False,,,False
ショウエイ四条畷,10/27/2025,03:00 PM,10/27/2025,04:00 PM,False,,,False
アクセス解析レポート調査,10/08/2025,02:30 PM,10/08/2025,03:30 PM,False,,,False
ショウエイ四条畷おしらせ,05/13/2025,06:30 PM,05/13/2025,07:00 PM,False,,,False
経費精算シート入力,07/03/2025,05:30 PM,07/03/2025,07:00 PM,False,,,False
SEO　補助金　調査,06/03/2025,06:00 PM,06/03/2025,07:00 PM,False,,,False
エベラ出荷,07/03/2025,02:00 PM,07/03/2025,02:30 PM,False,,,False
エベラトライアルキット,01/26/2026,03:00 PM,01/26/2026,03:30 PM,False,,,False
打ち合わせ,11/14/2025,03:00 PM,11/14/2025,03:30 PM,False,,,False
ショウエイスポーツクラブ様　広告レポート,01/06/2026,01:30 PM,01/06/2026,02:00 PM,False,,,False
ショウエイ　みなと　保守,02/12/2025,11:00 AM,02/12/2025,01:00 PM,False,,,False
アクセス解析レポート作成,06/05/2025,05:30 PM,06/05/2025,07:00 PM,False,,,False
浄土宗保育協会営業　チラシ,03/03/2026,05:00 PM,03/03/2026,07:00 PM,False,,,False
ユニバーサル・ミニオンズモール広告レポート作成,03/25/2025,10:00 AM,03/25/2025,11:00 AM,False,,,False
打ち合わせ,01/15/2026,02:30 PM,01/15/2026,03:00 PM,False,,,False
JP株式会社見積り,05/27/2025,02:00 PM,05/27/2025,02:30 PM,False,,,False
ショウエイみなと広告追加,05/28/2025,10:00 AM,05/28/2025,12:30 PM,False,,,False
Suikosha問い合わせ対応,06/04/2025,04:30 PM,06/04/2025,05:30 PM,False,,,False
経費精算シート入力,09/04/2025,06:00 PM,09/04/2025,07:00 PM,False,,,False
石井建設工業　デザイン,04/01/2025,02:30 PM,04/01/2025,07:00 PM,False,,,False
エベラ出荷,10/09/2025,02:00 PM,10/09/2025,02:30 PM,False,,,False
エベラ出荷,01/27/2026,02:30 PM,01/27/2026,03:00 PM,False,,,False
エベラ画像作成,07/17/2025,10:00 AM,07/17/2025,10:30 AM,False,,,False
ショウエイお知らせ作成,03/27/2025,11:30 AM,03/27/2025,02:00 PM,False,,,False
ショウエイ四条畷本番アップ,04/01/2025,10:30 AM,04/01/2025,11:00 AM,False,,,False
Suikosha　コレクション広告　調査,03/06/2025,05:45 PM,03/06/2025,07:00 PM,False,,,False
請求書シート入力,05/16/2025,02:00 PM,05/16/2025,02:45 PM,False,,,False
トキワシステムテクノロジーズ　修正,02/21/2025,04:00 PM,02/21/2025,07:00 PM,False,,,False
横浜住宅医療推進会LPデザイン制作,07/04/2025,02:00 PM,07/04/2025,06:30 PM,False,,,False
ショウエイスポーツクラブ広告出稿,04/01/2025,11:00 AM,04/01/2025,12:00 PM,False,,,False
横浜ゆるスポデザイン,05/13/2025,03:30 PM,05/13/2025,06:30 PM,False,,,False
LP企画調査,09/26/2025,03:00 PM,09/26/2025,07:00 PM,False,,,False
Suikosha　アカウント確認・メール返信,02/20/2025,05:30 PM,02/20/2025,06:00 PM,False,,,False
よこはま建設業魅力発信,11/04/2025,04:30 PM,11/04/2025,07:00 PM,False,,,False
ショウエイLP,09/17/2025,11:00 AM,09/17/2025,11:30 AM,False,,,False
光聖寺　LP　デザイン制作,08/20/2025,04:30 PM,08/20/2025,07:00 PM,False,,,False
レトロワグラン　広告出稿,07/25/2025,06:00 PM,07/25/2025,06:30 PM,False,,,False
レトロワグラン広告出稿,05/20/2025,12:00 PM,05/20/2025,01:30 PM,False,,,False
西中島グランドハイツ　広告,11/27/2025,01:30 PM,11/27/2025,03:00 PM,False,,,False
エベラ　トライアルキット,01/29/2026,05:00 PM,01/29/2026,07:00 PM,False,,,False
進行管理打ち合わせ・アカウント作成,10/30/2025,10:00 AM,10/30/2025,12:00 PM,False,,,False
LP企画デザイン制作,11/10/2025,03:00 PM,11/10/2025,04:30 PM,False,,,False
清水製作所デザイン,05/07/2025,06:00 PM,05/07/2025,07:00 PM,False,,,False
ショウエイ保守　四条畷,02/16/2026,03:30 PM,02/16/2026,04:00 PM,False,,,False
西中島グランドハイツ様　キーワード選定・レポート作成,11/26/2025,05:30 PM,11/26/2025,07:00 PM,False,,,False
LP企画ページデザイン,02/06/2026,10:00 AM,02/06/2026,01:00 PM,False,,,False
コロンビア画像切り抜き,05/14/2025,06:00 PM,05/14/2025,06:30 PM,False,,,False
朝礼,02/09/2026,10:00 AM,02/09/2026,10:30 AM,False,,,False
ビーコネクト　検索サイト,01/22/2026,05:00 PM,01/22/2026,06:00 PM,False,,,False
NSジャパン　リクルートサイト,11/12/2025,01:00 PM,11/12/2025,02:30 PM,False,,,False
Google広告調査,02/03/2026,12:30 PM,02/03/2026,01:00 PM,False,,,False
ミライ献血入稿データ作成,03/19/2025,12:00 PM,03/19/2025,01:30 PM,False,,,False
LP資料作成,10/16/2025,10:00 AM,10/16/2025,12:00 PM,False,,,False
JP株式会社　名刺,04/15/2025,05:00 PM,04/15/2025,05:15 PM,False,,,False
ライブ配信画面デザイン作成,10/17/2025,04:00 PM,10/17/2025,07:00 PM,False,,,False
写真探索,02/17/2026,06:00 PM,02/17/2026,06:30 PM,False,,,False
エベラ出荷,12/04/2025,02:00 PM,12/04/2025,03:00 PM,False,,,False
ショウエイスポーツクラブ広告レポート作成,04/30/2025,10:00 AM,04/30/2025,10:30 AM,False,,,False
ショウエイスポーツクラブ　おしらせ作成,03/28/2025,10:30 AM,03/28/2025,11:30 AM,False,,,False
LP企画ページデザイン,02/09/2026,10:30 AM,02/09/2026,02:00 PM,False,,,False
LP企画チラシ作成,11/26/2025,01:00 PM,11/26/2025,02:00 PM,False,,,False
エベラ出荷,12/10/2025,02:00 PM,12/10/2025,02:30 PM,False,,,False
会社紹介文作成,09/05/2025,01:30 PM,09/05/2025,02:30 PM,False,,,False
LP企画調査,10/01/2025,05:00 PM,10/01/2025,07:00 PM,False,,,False
メール設定,11/14/2025,01:00 PM,11/14/2025,02:00 PM,False,,,False
ビーコネクト　検索サイト,01/13/2026,01:00 PM,01/13/2026,02:00 PM,False,,,False
請求書作成,01/05/2026,12:00 PM,01/05/2026,01:30 PM,False,,,False
ショウエイみなとおしらせ削除,06/30/2025,04:30 PM,06/30/2025,05:00 PM,False,,,False
ショウエイカップ本番アップ,10/15/2025,12:00 PM,10/15/2025,12:30 PM,False,,,False
エベラ出荷,11/17/2025,02:00 PM,11/17/2025,02:30 PM,False,,,False
清水製作所デザイン,05/01/2025,01:30 PM,05/01/2025,02:00 PM,False,,,False
エルムズクリエイト　デザイン制作,06/26/2025,04:00 PM,06/26/2025,07:00 PM,False,,,False
ショウエイみなとおしらせ修正,05/23/2025,10:00 AM,05/23/2025,11:00 AM,False,,,False
エベラ出荷,10/23/2025,02:00 PM,10/23/2025,03:00 PM,False,,,False
エベラ出荷,02/02/2026,01:30 PM,02/02/2026,03:30 PM,False,,,False
案件整理,04/24/2025,10:00 AM,04/24/2025,10:30 AM,False,,,False
西中島グランドハイツ　デザイン制作,07/25/2025,10:00 AM,07/25/2025,11:30 AM,False,,,False
メルマガ概要作成,09/09/2025,11:30 AM,09/09/2025,01:30 PM,False,,,False
ショウエイスポーツクラブデザイン,01/08/2026,06:00 PM,01/08/2026,07:00 PM,False,,,False
デザイン打ち合わせ,10/31/2025,12:00 PM,10/31/2025,12:30 PM,False,,,False
エルムズクリエイト　デザイン制作,06/30/2025,10:00 AM,06/30/2025,01:00 PM,False,,,False
横浜ゆるスポーツ協会　デザイン制作,05/23/2025,06:00 PM,05/23/2025,07:00 PM,False,,,False
タスク整理メモ,09/24/2025,06:30 PM,09/24/2025,07:00 PM,False,,,False
エベラ出荷,01/26/2026,02:00 PM,01/26/2026,03:00 PM,False,,,False
西中島グランドハイツ広告レポート,01/06/2026,01:00 PM,01/06/2026,01:30 PM,False,,,False
エベラ出荷,11/13/2025,03:30 PM,11/13/2025,04:00 PM,False,,,False
Google広告支払設定調査,01/19/2026,06:30 PM,01/19/2026,07:00 PM,False,,,False
Etsy商品選別、集計表作成,06/10/2025,10:00 AM,06/10/2025,01:00 PM,False,,,False
エベラ画像作成,09/01/2025,05:30 PM,09/01/2025,07:00 PM,False,,,False
四条畷アップ,01/30/2026,06:45 PM,01/30/2026,07:00 PM,False,,,False
Suikosha　ショップ機能設定,02/25/2025,03:30 PM,02/25/2025,05:00 PM,False,,,False
清水製作所　デザイン制作,04/09/2025,01:00 PM,04/09/2025,02:30 PM,False,,,False
エベラ出荷,02/20/2026,02:00 PM,02/20/2026,03:00 PM,False,,,False
ショウエイみなとおしらせ,06/23/2025,10:00 AM,06/23/2025,11:30 AM,False,,,False
JP株式会社様　名刺,11/26/2025,10:00 AM,11/26/2025,10:30 AM,False,,,False
エベラ出荷,09/16/2025,02:00 PM,09/16/2025,03:00 PM,False,,,False
ショウエイ四条畷おしらせ作成,06/12/2025,10:00 AM,06/12/2025,12:00 PM,False,,,False
エベラ出荷,12/17/2025,02:00 PM,12/17/2025,03:00 PM,False,,,False
yahoo広告調査,05/23/2025,01:00 PM,05/23/2025,03:30 PM,False,,,False
エルムズクリエイト修正,02/04/2026,10:00 AM,02/04/2026,02:00 PM,False,,,False
レトロワグラン広告出稿,10/30/2025,06:15 PM,10/30/2025,07:00 PM,False,,,False
JP名刺校正・入稿データ,09/02/2025,03:00 PM,09/02/2025,03:30 PM,False,,,False
エベラ出荷,12/25/2025,01:30 PM,12/25/2025,03:00 PM,False,,,False
エルムズクリエイト　デザイン制作,07/01/2025,10:30 AM,07/01/2025,01:00 PM,False,,,False
エベラ画像作成,07/14/2025,12:30 PM,07/14/2025,02:00 PM,False,,,False
エベラ出荷,03/24/2025,03:00 PM,03/24/2025,03:30 PM,False,,,False
名刺データ探索,06/10/2025,04:30 PM,06/10/2025,05:30 PM,False,,,False
エベラリール,09/16/2025,05:00 PM,09/16/2025,07:00 PM,False,,,False
Google広告アカウント変更,09/01/2025,10:00 AM,09/01/2025,11:00 AM,False,,,False
エベラ出荷,11/18/2025,02:00 PM,11/18/2025,03:00 PM,False,,,False
レトロワグラン　広告出稿,06/27/2025,05:00 PM,06/27/2025,05:30 PM,False,,,False
Suikosha　広告　改善点,07/22/2025,06:00 PM,07/22/2025,07:00 PM,False,,,False
ショウエイ四条畷おしらせ修正,06/17/2025,11:00 AM,06/17/2025,11:30 AM,False,,,False
ゴーゴーお片付け　デザイン制作,08/18/2025,11:30 AM,08/18/2025,02:00 PM,False,,,False
エベラ出荷,05/29/2025,03:00 PM,05/29/2025,03:30 PM,False,,,False
Suikosha様　広告設定,03/19/2025,10:00 AM,03/19/2025,12:00 PM,False,,,False
石井建設工業　デザイン,04/02/2025,12:00 PM,04/02/2025,02:45 PM,False,,,False
年末のご挨拶,12/16/2025,11:30 AM,12/16/2025,04:00 PM,False,,,False
Suikosha様　広告設定,03/19/2025,05:00 PM,03/19/2025,07:00 PM,False,,,False
アイコン作成,10/02/2025,05:00 PM,10/02/2025,07:00 PM,False,,,False
ドイツクリスマス　マップ,11/25/2025,01:00 PM,11/25/2025,02:00 PM,False,,,False
エルムズクリエイトデザイン制作,07/07/2025,05:00 PM,07/07/2025,06:00 PM,False,,,False
LP企画ページデザイン,02/09/2026,04:30 PM,02/09/2026,07:00 PM,False,,,False
ミライ献血会議SNS画像作成,03/17/2025,04:00 PM,03/17/2025,05:30 PM,False,,,False
Suikosha　おさるのジョージ　広告レポート作成,03/06/2025,01:00 PM,03/06/2025,01:30 PM,False,,,False
LP資料作成,10/15/2025,10:00 AM,10/15/2025,12:00 PM,False,,,False
LP企画デザイン制作,11/07/2025,03:00 PM,11/07/2025,06:30 PM,False,,,False
Suikosha様広告レポート作成,04/28/2025,10:00 AM,04/28/2025,10:15 AM,False,,,False
エベラ出荷,09/25/2025,02:00 PM,09/25/2025,03:00 PM,False,,,False
エベラ出荷,05/26/2025,02:00 PM,05/26/2025,02:30 PM,False,,,False
Google広告調査,02/25/2026,03:00 PM,02/25/2026,04:00 PM,False,,,False
四条畷おしらせ本番アップ,05/30/2025,06:00 PM,05/30/2025,06:30 PM,False,,,False
横浜ゆるすぽ　デザイン制作,05/30/2025,12:00 PM,05/30/2025,01:00 PM,False,,,False
ゴーゴーお片付け　デザイン制作,04/11/2025,10:30 AM,04/11/2025,03:30 PM,False,,,False
石井建設工業様　デザイン制作,05/26/2025,03:30 PM,05/26/2025,05:30 PM,False,,,False
JP名刺校正・入稿・見積　作成,09/08/2025,03:00 PM,09/08/2025,03:30 PM,False,,,False
エベラリール作成,09/09/2025,05:00 PM,09/09/2025,06:00 PM,False,,,False
エベラ出荷,04/14/2025,02:00 PM,04/14/2025,02:45 PM,False,,,False
打ち合わせ,07/03/2025,02:30 PM,07/03/2025,03:00 PM,False,,,False
昭和建設　がらくた市,02/13/2025,04:00 PM,02/13/2025,07:00 PM,False,,,False
エベラリール,09/17/2025,11:30 AM,09/17/2025,01:30 PM,False,,,False
エベラ画像修正,12/10/2025,06:00 PM,12/10/2025,07:00 PM,False,,,False
エベラ画像作成,06/18/2025,10:00 AM,06/18/2025,01:00 PM,False,,,False
LP企画ページデザイン,02/05/2026,06:00 PM,02/05/2026,07:00 PM,False,,,False
Suikosha問い合わせ対応,05/22/2025,10:30 AM,05/22/2025,11:00 AM,False,,,False
ReWeb　サンプル　一覧,02/07/2025,03:00 PM,02/07/2025,06:30 PM,False,,,False
横浜ゆるすぽデザイン制作,05/09/2025,03:00 PM,05/09/2025,06:30 PM,False,,,False
清水製作所　デザイン,04/28/2025,11:30 AM,04/28/2025,02:00 PM,False,,,False
LP企画チラシ作成,12/22/2025,05:30 PM,12/22/2025,06:30 PM,False,,,False
朝礼,12/15/2025,10:00 AM,12/15/2025,10:30 AM,False,,,False
エベラ出荷,11/25/2025,02:00 PM,11/25/2025,03:00 PM,False,,,False
PC移動作業,10/23/2025,03:00 PM,10/23/2025,04:00 PM,False,,,False
ショウエイ四条畷おしらせ,06/16/2025,06:30 PM,06/16/2025,07:00 PM,False,,,False
アクセス解析レポート,04/07/2025,11:00 AM,04/07/2025,02:30 PM,False,,,False
エベラ　トライアルキット,02/10/2026,04:30 PM,02/10/2026,05:00 PM,False,,,False
アクセス解析レポート修正,12/03/2025,04:30 PM,12/03/2025,06:00 PM,False,,,False
LP企画チラシ作成,12/18/2025,01:00 PM,12/18/2025,02:00 PM,False,,,False
LP企画デザイン制作,11/10/2025,12:00 PM,11/10/2025,02:00 PM,False,,,False
ショウエイスポーツクラブみなと　春の短期教室お知らせ作成,02/10/2025,06:00 PM,02/10/2025,07:00 PM,False,,,False
経費精算シート入力,07/22/2025,10:00 AM,07/22/2025,11:00 AM,False,,,False
昭和建設,10/31/2025,12:30 PM,10/31/2025,02:00 PM,False,,,False
面談,06/10/2025,01:00 PM,06/10/2025,01:30 PM,False,,,False
ショウエイスポーツ広告　問い合わせ,08/29/2025,11:00 AM,08/29/2025,02:00 PM,False,,,False
エベラ出荷,10/22/2025,02:30 PM,10/22/2025,03:00 PM,False,,,False
エベラSNS動画作成,08/08/2025,11:30 AM,08/08/2025,03:00 PM,False,,,False
ショウエイスポーツ四条畷　おしらせ,02/14/2025,05:30 PM,02/14/2025,06:30 PM,False,,,False
エベラ画像作成,06/17/2025,11:30 AM,06/17/2025,02:00 PM,False,,,False
清水製作所　色違い,04/25/2025,11:00 AM,04/25/2025,12:00 PM,False,,,False
エベラ出荷,02/27/2025,02:00 PM,02/27/2025,02:30 PM,False,,,False
メール設定確認,05/30/2025,04:00 PM,05/30/2025,05:00 PM,False,,,False
LP企画打ち合わせ,11/12/2025,10:30 AM,11/12/2025,12:00 PM,False,,,False
レトロワグラン広告出稿,10/31/2025,02:00 PM,10/31/2025,03:00 PM,False,,,False
西中島グランドハイツ　レポート作成,01/15/2026,03:00 PM,01/15/2026,03:30 PM,False,,,False
ミーティング,06/02/2025,11:00 AM,06/02/2025,11:30 AM,False,,,False
エルムズクリエイト　修正,03/02/2026,01:00 PM,03/02/2026,01:30 PM,False,,,False
席　レイアウト図作成,12/24/2025,11:00 AM,12/24/2025,01:00 PM,False,,,False
SK-Park　ワイヤー作成,10/08/2025,05:30 PM,10/08/2025,07:00 PM,False,,,False
LP資料・調査,10/14/2025,04:00 PM,10/14/2025,07:00 PM,False,,,False
昭和建設修正打ち合わせ,01/26/2026,10:30 AM,01/26/2026,12:00 PM,False,,,False
Suikosha　広告レポート作成・メールやりとり,08/20/2025,10:30 AM,08/20/2025,11:00 AM,False,,,False
ショウエイ春の短期教室LP・広告,02/10/2025,11:30 AM,02/10/2025,01:00 PM,False,,,False
エルムズクリエイト様　デザイン制作,05/22/2025,05:30 PM,05/22/2025,07:00 PM,False,,,False
レトロワグラン広告出稿,03/27/2025,06:30 PM,03/27/2025,07:00 PM,False,,,False
ショウエイ保守,02/10/2025,02:30 PM,02/10/2025,04:00 PM,False,,,False
エルムズクリエイト様　デザイン制作,06/27/2025,10:00 AM,06/27/2025,03:00 PM,False,,,False
エベラ画像作成,07/15/2025,10:00 AM,07/15/2025,11:00 AM,False,,,False
エヌエスジャパン　ワイヤー,10/08/2025,12:00 PM,10/08/2025,02:00 PM,False,,,False
石井建設工業　デザイン,04/02/2025,04:00 PM,04/02/2025,07:00 PM,False,,,False
エベラ出荷,09/29/2025,03:30 PM,09/29/2025,04:00 PM,False,,,False
ピアノ教室　デザイン制作,08/28/2025,10:30 AM,08/28/2025,02:00 PM,False,,,False
エベラ出荷,01/21/2026,02:00 PM,01/21/2026,03:00 PM,False,,,False
エベラ出展準備・出荷,01/16/2026,12:00 PM,01/16/2026,03:00 PM,False,,,False
ショウエイ　お知らせ,09/04/2025,03:00 PM,09/04/2025,03:30 PM,False,,,False
PPCアフィリエイト　打ち合わせ,10/07/2025,01:00 PM,10/07/2025,02:00 PM,False,,,False
エベラ出荷,02/17/2026,02:00 PM,02/17/2026,03:00 PM,False,,,False
SEO補助金調査,06/10/2025,05:30 PM,06/10/2025,07:00 PM,False,,,False
Suikosha　Instagramの紐づけ,02/14/2025,11:30 AM,02/14/2025,12:30 PM,False,,,False
ショウエイカレンダー修正,10/01/2025,04:00 PM,10/01/2025,05:00 PM,False,,,False
エベラリール作成,09/08/2025,11:00 AM,09/08/2025,12:30 PM,False,,,False
エベラ出荷,07/07/2025,02:00 PM,07/07/2025,03:30 PM,False,,,False
SK-Parkワイヤー作成,10/14/2025,10:00 AM,10/14/2025,11:30 AM,False,,,False
エベラ出荷,01/30/2026,01:30 PM,01/30/2026,04:00 PM,False,,,False
ミニオンズモール広告レポート作成,03/21/2025,10:00 AM,03/21/2025,10:30 AM,False,,,False
エベラ出荷,06/05/2025,01:45 PM,06/05/2025,02:30 PM,False,,,False
西中島グランドハイツ　ファビコン,11/28/2025,02:00 PM,11/28/2025,02:30 PM,False,,,False
suikosha広告結果報告,07/22/2025,01:30 PM,07/22/2025,02:00 PM,False,,,False
トキワシステムテクノロジーズ　修正,03/07/2025,05:00 PM,03/07/2025,06:00 PM,False,,,False
昭和建設　がらくた市,02/14/2025,06:30 PM,02/14/2025,07:00 PM,False,,,False
ショウエイスポーツお知らせ作成,09/12/2025,05:30 PM,09/12/2025,07:00 PM,False,,,False
エベラ出荷,08/18/2025,02:00 PM,08/18/2025,02:30 PM,False,,,False
suikosha問い合わせ対応,06/04/2025,03:00 PM,06/04/2025,03:30 PM,False,,,False
エベラ画像作成,12/26/2025,10:30 AM,12/26/2025,04:00 PM,False,,,False
ボンテック　名刺データ　探索,12/22/2025,12:00 PM,12/22/2025,02:00 PM,False,,,False
署名　サービス紹介文作成,12/12/2025,03:30 PM,12/12/2025,04:00 PM,False,,,False
ピアノ教室デザイン制作,08/28/2025,05:00 PM,08/28/2025,06:00 PM,False,,,False
清水製作所デザイン制作,05/09/2025,10:00 AM,05/09/2025,11:00 AM,False,,,False
更新管理表,12/04/2025,01:30 PM,12/04/2025,02:00 PM,False,,,False
よこはま建設業魅力発信,10/23/2025,05:30 PM,10/23/2025,07:00 PM,False,,,False
ショウエイ保守　みなと,02/17/2026,10:00 AM,02/17/2026,10:30 AM,False,,,False
Suikosha　リスティング提案,01/31/2025,04:30 PM,01/31/2025,05:30 PM,False,,,False
ショウエイカレンダー修正,10/01/2025,11:00 AM,10/01/2025,02:00 PM,False,,,False
ビーコネクト　検索サイト,01/22/2026,10:30 AM,01/22/2026,02:00 PM,False,,,False
エベラ福袋画像作成,12/01/2025,05:00 PM,12/01/2025,07:00 PM,False,,,False
ショウエイみなと夏の短期教室LP,05/21/2025,04:00 PM,05/21/2025,06:00 PM,False,,,False
石井建設工業デザイン制作,05/22/2025,04:00 PM,05/22/2025,05:00 PM,False,,,False
打ち合わせ,11/14/2025,10:00 AM,11/14/2025,12:00 PM,False,,,False
清水製作所　デザイン,04/08/2025,11:00 AM,04/08/2025,02:00 PM,False,,,False
Suikosha　リスティング　提案,01/31/2025,06:00 PM,01/31/2025,06:30 PM,False,,,False
打ち合わせ,02/25/2026,05:00 PM,02/25/2026,05:30 PM,False,,,False
ショウエイみなとお知らせアップ,04/30/2025,05:00 PM,04/30/2025,05:30 PM,False,,,False
LP資料作成・調査,10/14/2025,12:30 PM,10/14/2025,03:00 PM,False,,,False
メルマガ,09/02/2025,04:30 PM,09/02/2025,06:00 PM,False,,,False
清水製作所デザイン,05/07/2025,02:30 PM,05/07/2025,03:30 PM,False,,,False
エベラ出荷,05/01/2025,02:00 PM,05/01/2025,02:30 PM,False,,,False
エベラ動画作成,07/31/2025,01:00 PM,07/31/2025,03:00 PM,False,,,False
石井建設工業　下層ページ　デザイン,03/31/2025,12:00 PM,03/31/2025,02:00 PM,False,,,False
四条畷夏の短期教室LP,06/09/2025,10:00 AM,06/09/2025,02:00 PM,False,,,False
ショウエイスポーツクラブ広告,11/20/2025,03:00 PM,11/20/2025,04:30 PM,False,,,False
光聖寺広告レポート作成,04/30/2025,10:45 AM,04/30/2025,11:00 AM,False,,,False
トキワシステムテクノロジーズ　SP画像作成,03/10/2025,04:45 PM,03/10/2025,05:15 PM,False,,,False
更新管理表作成・打ち合わせ,12/05/2025,10:00 AM,12/05/2025,02:30 PM,False,,,False
ミニオン広告設置,03/19/2025,04:00 PM,03/19/2025,05:00 PM,False,,,False
アクセス解析レポート調査,10/03/2025,01:00 PM,10/03/2025,03:00 PM,False,,,False
エベラ画像作成,09/02/2025,06:00 PM,09/02/2025,07:00 PM,False,,,False
ショウエイスポーツLP修正,01/22/2026,06:00 PM,01/22/2026,07:00 PM,False,,,False
エベラSNS画像作成,09/24/2025,05:30 PM,09/24/2025,06:30 PM,False,,,False
ショウエイみなとおしらせ,01/15/2026,10:00 AM,01/15/2026,12:00 PM,False,,,False
みなと春短広告出稿,02/03/2026,10:30 AM,02/03/2026,11:00 AM,False,,,False
横浜在宅医療推進会カレンダー,07/25/2025,06:30 PM,07/25/2025,07:00 PM,False,,,False
フォルダ整理・請求書、見積書作成・打ち合わせ,11/20/2025,10:00 AM,11/20/2025,02:00 PM,False,,,False
LP資料作成,10/15/2025,12:30 PM,10/15/2025,02:00 PM,False,,,False
ショウエイ四条畷保守,04/04/2025,12:00 PM,04/04/2025,12:30 PM,False,,,False
Suikosha問い合わせ対応,09/04/2025,12:30 PM,09/04/2025,01:30 PM,False,,,False
エベラ画像作成,06/18/2025,04:00 PM,06/18/2025,05:30 PM,False,,,False
LP　打ち合わせ,09/11/2025,05:00 PM,09/11/2025,07:00 PM,False,,,False
アクセス解析レポートデータ見直し・修正,09/10/2025,03:00 PM,09/10/2025,04:00 PM,False,,,False
エベラ出荷,02/09/2026,02:00 PM,02/09/2026,03:00 PM,False,,,False
エベラ画像作成,06/13/2025,03:00 PM,06/13/2025,07:00 PM,False,,,False
NSジャパンデザイン制作,11/19/2025,10:00 AM,11/19/2025,01:00 PM,False,,,False
大谷さん名刺,12/09/2025,10:00 AM,12/09/2025,11:00 AM,False,,,False
エベラ画像作成,09/11/2025,10:00 AM,09/11/2025,10:30 AM,False,,,False
席　レイアウト図作成,12/23/2025,04:00 PM,12/23/2025,04:30 PM,False,,,False
レトロワグラン印刷費調査,07/18/2025,03:30 PM,07/18/2025,04:00 PM,False,,,False
suikosha様　広告レポート作成,04/15/2025,10:00 AM,04/15/2025,10:15 AM,False,,,False
LP企画参考サイト探索,02/03/2026,05:00 PM,02/03/2026,07:00 PM,False,,,False
経費精算シート入力,05/08/2025,12:00 PM,05/08/2025,12:30 PM,False,,,False
エベラSNS画像作成,08/12/2025,10:30 AM,08/12/2025,11:30 AM,False,,,False
エベラ出荷,05/07/2025,02:00 PM,05/07/2025,02:30 PM,False,,,False
エベラ出荷,06/02/2025,01:30 PM,06/02/2025,02:30 PM,False,,,False
LP企画参考サイト探索,02/03/2026,03:30 PM,02/03/2026,04:00 PM,False,,,False
エルムズクリエイト　デザイン制作,06/25/2025,03:00 PM,06/25/2025,07:00 PM,False,,,False
Suikosha広告予算シート入力,05/20/2025,10:00 AM,05/20/2025,12:00 PM,False,,,False
ゴーゴーお片付けサービスサイト,06/11/2025,03:00 PM,06/11/2025,05:00 PM,False,,,False
instagram広告調査,02/12/2026,10:00 AM,02/12/2026,10:30 AM,False,,,False
ショウエイスポーツクラブ様　四条畷　LP,11/13/2025,10:00 AM,11/13/2025,03:30 PM,False,,,False
昭和建設60周年(11h),09/22/2025,12:00 PM,09/22/2025,03:00 PM,False,,,False
昭和建設,10/31/2025,04:00 PM,10/31/2025,06:00 PM,False,,,False
ショウエイスポーツ広告レポート作成,04/01/2025,12:00 PM,04/01/2025,12:30 PM,False,,,False
未収調査,06/03/2025,12:00 PM,06/03/2025,03:00 PM,False,,,False
エベラ出荷,01/13/2026,02:00 PM,01/13/2026,03:30 PM,False,,,False
糸井さんデザインチェック,11/14/2025,12:00 PM,11/14/2025,01:00 PM,False,,,False
ショウエイスポーツクラブ様　保守,04/10/2025,01:00 PM,04/10/2025,02:00 PM,False,,,False
ショウエイおしらせ,10/28/2025,04:00 PM,10/28/2025,06:00 PM,False,,,False
竹澤ビル　名刺,07/02/2025,11:00 AM,07/02/2025,12:00 PM,False,,,False
経費精算シート入力,10/09/2025,05:00 PM,10/09/2025,05:30 PM,False,,,False
アクセス解析レポート修正,11/21/2025,12:00 PM,11/21/2025,02:00 PM,False,,,False
エベラトライアルキット,01/27/2026,10:00 AM,01/27/2026,02:30 PM,False,,,False
アクセス解析レポート　共有,09/10/2025,06:30 PM,09/10/2025,07:00 PM,False,,,False
ゴーゴーお片付けデザイン,04/10/2025,04:00 PM,04/10/2025,05:30 PM,False,,,False
NSジャパン　リクルートサイト,11/12/2025,05:00 PM,11/12/2025,07:00 PM,False,,,False
エベラリール原稿確認・修正,09/12/2025,04:00 PM,09/12/2025,05:30 PM,False,,,False
JP名刺,11/04/2025,11:00 AM,11/04/2025,11:30 AM,False,,,False
sukosha未請求分入力,06/02/2025,05:00 PM,06/02/2025,05:30 PM,False,,,False
案件DB修正,02/06/2026,01:30 PM,02/06/2026,02:00 PM,False,,,False
ショウエイ広告数値入力,02/25/2025,10:00 AM,02/25/2025,10:30 AM,False,,,False
sinker ロゴマーク作成,02/27/2025,06:00 PM,02/27/2025,07:00 PM,False,,,False
エベラ出荷,04/02/2025,02:45 PM,04/02/2025,03:00 PM,False,,,False
その他　リキャプチャ調査,03/03/2026,03:00 PM,03/03/2026,04:00 PM,False,,,False
ショウエイみなと　空き状況更新,04/08/2025,05:00 PM,04/08/2025,05:30 PM,False,,,False
ショウエイ　四条畷　おしらせ,02/19/2025,11:00 AM,02/19/2025,12:00 PM,False,,,False
佐武塗装名刺印刷調査・見積作成,10/06/2025,04:30 PM,10/06/2025,05:30 PM,False,,,False
清水製作所　デザイン,04/08/2025,05:30 PM,04/08/2025,07:00 PM,False,,,False
Etsy集計表作成,06/11/2025,10:00 AM,06/11/2025,02:00 PM,False,,,False
JP株式会社名刺校正データ作成・見積もり作成,03/25/2025,11:00 AM,03/25/2025,01:30 PM,False,,,False
Yahoo広告,02/05/2026,05:00 PM,02/05/2026,06:00 PM,False,,,False
suikosha広告確認,06/02/2025,12:30 PM,06/02/2025,01:30 PM,False,,,False
メルマガ概要作成,09/09/2025,03:00 PM,09/09/2025,04:00 PM,False,,,False
JP株式会社名刺校正データ作成,03/04/2025,04:00 PM,03/04/2025,04:30 PM,False,,,False
西中島グランドハイツ支払方法変更,02/02/2026,11:30 AM,02/02/2026,12:30 PM,False,,,False
エルムズクリエイトデザイン制作,07/11/2025,03:00 PM,07/11/2025,05:30 PM,False,,,False
保育協会　デザイン制作,06/03/2025,10:00 AM,06/03/2025,12:00 PM,False,,,False
ショウエイスポーツ　レッスンスケジュール,11/27/2025,10:00 AM,11/27/2025,10:30 AM,False,,,False
NSジャパンデザイン制作,11/19/2025,04:30 PM,11/19/2025,06:30 PM,False,,,False
JP株式会社名刺,06/06/2025,10:00 AM,06/06/2025,11:00 AM,False,,,False
保守・更新確認表入力,07/28/2025,04:00 PM,07/28/2025,07:00 PM,False,,,False
ショウエイ四条畷スケジュール更新,11/07/2025,06:30 PM,11/07/2025,07:00 PM,False,,,False
メディセレ広告確認,05/22/2025,05:00 PM,05/22/2025,05:30 PM,False,,,False
Suikosha　アカウント確認・メール返信,02/20/2025,11:00 AM,02/20/2025,12:00 PM,False,,,False
清水製作所　デザイン,04/10/2025,05:30 PM,04/10/2025,07:00 PM,False,,,False
エベラ画像修正,03/10/2025,10:45 AM,03/10/2025,11:00 AM,False,,,False
ショウエイスポーツクラブ様　おしらせ,10/28/2025,10:00 AM,10/28/2025,12:30 PM,False,,,False
ショウエイおしらせ修正,07/31/2025,12:30 PM,07/31/2025,01:00 PM,False,,,False
ショウエイ保守　みなと,03/02/2026,10:00 AM,03/02/2026,10:30 AM,False,,,False
更新管理表作成,01/05/2026,10:30 AM,01/05/2026,12:00 PM,False,,,False
ミニオン・おさるのジョージ広告レポート作成,04/01/2025,12:30 PM,04/01/2025,01:00 PM,False,,,False
LP企画デザイン制作,11/11/2025,03:30 PM,11/11/2025,07:00 PM,False,,,False
エベラ画像作成,06/13/2025,12:00 PM,06/13/2025,02:00 PM,False,,,False
横浜ゆるすぽデザイン制作,05/08/2025,04:30 PM,05/08/2025,07:00 PM,False,,,False
エベラ画像作成,09/03/2025,05:30 PM,09/03/2025,07:00 PM,False,,,False
エベラ画像修正,03/07/2025,03:30 PM,03/07/2025,04:00 PM,False,,,False
LP企画デザイン作成,10/29/2025,05:00 PM,10/29/2025,07:00 PM,False,,,False
ドイツクリスマス　バナー作成,12/03/2025,10:00 AM,12/03/2025,12:00 PM,False,,,False
浄土宗保育協会見積もり,02/17/2026,05:30 PM,02/17/2026,06:00 PM,False,,,False
竹澤ビル名刺データ・見積作成,07/03/2025,10:00 AM,07/03/2025,11:00 AM,False,,,False
LP企画デザイン制作,11/06/2025,04:30 PM,11/06/2025,07:00 PM,False,,,False
ショウエイみなとバスルート変更,01/19/2026,10:30 AM,01/19/2026,01:00 PM,False,,,False
光聖寺Facebook打ち合わせ,09/10/2025,05:30 PM,09/10/2025,06:30 PM,False,,,False
エベラ動画作成,07/31/2025,10:30 AM,07/31/2025,12:30 PM,False,,,False
トキワシステムテクノロジーズ　デザイン制作,01/31/2025,02:30 PM,01/31/2025,03:30 PM,False,,,False
デザイン打ち合わせ,09/12/2025,02:30 PM,09/12/2025,03:00 PM,False,,,False
西中島グランドハイ広告打ち合わせ　除外キーワード登録,01/15/2026,05:30 PM,01/15/2026,07:00 PM,False,,,False
よこはま建設業魅力発信,10/21/2025,04:00 PM,10/21/2025,07:00 PM,False,,,False
NSジャパン様SP,11/25/2025,10:00 AM,11/25/2025,01:00 PM,False,,,False
ReWebテンプレート一覧作成,02/12/2025,03:30 PM,02/12/2025,07:00 PM,False,,,False
ゴーゴーお片付け　デザイン制作,08/18/2025,02:30 PM,08/18/2025,03:00 PM,False,,,False
エベラ画像作成,06/18/2025,02:00 PM,06/18/2025,03:00 PM,False,,,False
Sinkerロゴ,03/04/2025,05:00 PM,03/04/2025,05:30 PM,False,,,False
PPCアフィリエイト調査・資料,11/05/2025,04:30 PM,11/05/2025,07:00 PM,False,,,False
トキワシステムテクノロジーズ　メール返信,02/04/2025,01:45 PM,02/04/2025,02:00 PM,False,,,False
ピアノ教室　デザイン制作,08/26/2025,05:00 PM,08/26/2025,06:00 PM,False,,,False
エベラ画像修正,12/15/2025,03:00 PM,12/15/2025,04:30 PM,False,,,False
ショウエイ　広告レポート作成,03/24/2025,10:30 AM,03/24/2025,11:30 AM,False,,,False
ショウエイ広告数値入力,02/10/2025,11:00 AM,02/10/2025,11:30 AM,False,,,False
LP企画ページデザイン,02/06/2026,04:00 PM,02/06/2026,06:00 PM,False,,,False
NSジャパンデザイン制作,11/18/2025,05:00 PM,11/18/2025,07:00 PM,False,,,False
レトロワグラン　コンバージョン設定,11/04/2025,11:30 AM,11/04/2025,12:30 PM,False,,,False
メルマガ概要作成,02/20/2025,06:00 PM,02/20/2025,07:00 PM,False,,,False
suikosha　広告レポート作成,04/30/2025,10:30 AM,04/30/2025,10:45 AM,False,,,False
レトロワグラン様広告出稿,09/19/2025,05:00 PM,09/19/2025,05:30 PM,False,,,False
ビーコネクト　検索サイト,01/23/2026,05:00 PM,01/23/2026,07:00 PM,False,,,False
エルムズクリエイト　打ち合わせ,08/12/2025,05:00 PM,08/12/2025,06:00 PM,False,,,False
ミーティング,04/14/2025,10:15 AM,04/14/2025,11:00 AM,False,,,False
LP企画チラシ作成,12/22/2025,11:00 AM,12/22/2025,12:00 PM,False,,,False
購入素材整理,12/18/2025,10:00 AM,12/18/2025,01:00 PM,False,,,False
エベラ画像修正,03/06/2025,11:30 AM,03/06/2025,01:00 PM,False,,,False
LP企画ページデザイン,02/19/2026,03:00 PM,02/19/2026,04:00 PM,False,,,False
経費精算シート入力,02/04/2026,03:30 PM,02/04/2026,04:00 PM,False,,,False
LP企画ページデザイン,02/10/2026,10:30 AM,02/10/2026,02:00 PM,False,,,False
エベラ画像作成,03/10/2025,04:30 PM,03/10/2025,04:45 PM,False,,,False
LP企画チラシ作成,12/19/2025,05:00 PM,12/19/2025,07:00 PM,False,,,False
Suikosha　ショップ機能設定,02/25/2025,12:00 PM,02/25/2025,01:00 PM,False,,,False
エルムズクリエイトデザイン制作,06/30/2025,06:00 PM,06/30/2025,07:00 PM,False,,,False
みなとおしらせ本番アップ,03/31/2025,03:30 PM,03/31/2025,04:00 PM,False,,,False
山長　画像加工,02/21/2025,03:00 PM,02/21/2025,04:00 PM,False,,,False
F＆ｋプロフィール,10/07/2025,03:00 PM,10/07/2025,03:30 PM,False,,,False
ショウエイみなとおしらせ,10/23/2025,05:00 PM,10/23/2025,05:30 PM,False,,,False
NSジャパン,11/12/2025,03:00 PM,11/12/2025,03:30 PM,False,,,False
エベラプロダクツ出荷作業,02/13/2025,01:30 PM,02/13/2025,02:00 PM,False,,,False
デザイン・コーディング　打ち合わせ,12/24/2025,10:00 AM,12/24/2025,11:00 AM,False,,,False
未収調査,06/05/2025,11:30 AM,06/05/2025,01:45 PM,False,,,False
suikosha　ユニバーサル広告数値入力,02/27/2025,10:00 AM,02/27/2025,10:15 AM,False,,,False
エベラ印刷物制作,01/09/2026,05:00 PM,01/09/2026,07:00 PM,False,,,False
ビーコネクト　検索サイト,01/21/2026,12:30 PM,01/21/2026,02:00 PM,False,,,False
エベラトライアルキット,01/29/2026,10:00 AM,01/29/2026,11:30 AM,False,,,False
ダイサン名刺,01/30/2026,01:00 PM,01/30/2026,01:30 PM,False,,,False
生成AIセミナー,03/24/2025,01:00 PM,03/24/2025,03:00 PM,False,,,False
sinker　ロゴマーク,02/20/2025,04:00 PM,02/20/2025,04:30 PM,False,,,False
保守・更新確認表　入力,08/19/2025,10:00 AM,08/19/2025,03:30 PM,False,,,False
ショウエイみなとカレンダー修正,10/09/2025,04:00 PM,10/09/2025,05:00 PM,False,,,False
エベラレイアウト指示,12/09/2025,04:00 PM,12/09/2025,06:00 PM,False,,,False
ショウエイスポーツクラブデザイン,01/08/2026,12:00 PM,01/08/2026,01:00 PM,False,,,False
ドイツクリスマスロゴ修正,07/17/2025,10:30 AM,07/17/2025,11:00 AM,False,,,False
suikosha 広告レポート作成,02/07/2025,10:00 AM,02/07/2025,11:30 AM,False,,,False
支払い方法調査,02/03/2026,01:00 PM,02/03/2026,02:00 PM,False,,,False
ユニバーサル　レポート作成,03/17/2025,10:00 AM,03/17/2025,10:15 AM,False,,,False
昭和建設　がらくた市,02/14/2025,12:30 PM,02/14/2025,02:00 PM,False,,,False
エベラ出荷,03/21/2025,02:30 PM,03/21/2025,04:00 PM,False,,,False
エベラ出荷,04/28/2025,02:00 PM,04/28/2025,02:45 PM,False,,,False
コロンビア　インタビューページ,08/12/2025,04:00 PM,08/12/2025,05:00 PM,False,,,False
朝礼,01/13/2026,10:00 AM,01/13/2026,10:30 AM,False,,,False
請求書作成,12/25/2025,06:00 PM,12/25/2025,07:00 PM,False,,,False
レトロワグラン　ロゴ　修正,08/29/2025,02:00 PM,08/29/2025,03:00 PM,False,,,False
エベラ画像修正,12/11/2025,06:00 PM,12/11/2025,07:00 PM,False,,,False
トキワシステムテクノロジーズ　デザイン制作,01/31/2025,10:00 AM,01/31/2025,02:00 PM,False,,,False
LP企画ページデザイン,02/20/2026,10:00 AM,02/20/2026,02:00 PM,False,,,False
清水製作所ワイヤー作成,02/21/2025,02:30 PM,02/21/2025,03:00 PM,False,,,False
みなと　プール開放・短期　削除,08/25/2025,10:00 AM,08/25/2025,10:30 AM,False,,,False
参考サイト探索,09/25/2025,06:00 PM,09/25/2025,07:00 PM,False,,,False
清水製作所デザイン,05/01/2025,03:30 PM,05/01/2025,06:30 PM,False,,,False
ショウエイみなと　カレンダー作成,09/24/2025,11:00 AM,09/24/2025,04:00 PM,False,,,False
山長　新商品　画像加工,02/21/2025,03:00 PM,02/21/2025,04:00 PM,False,,,False
JP名刺　校正・入稿データ・見積作成,09/16/2025,03:00 PM,09/16/2025,03:30 PM,False,,,False
Suikosha様　広告レポート,04/11/2025,10:00 AM,04/11/2025,10:30 AM,False,,,False
ショウエイみなとLP修正,09/18/2025,05:00 PM,09/18/2025,05:30 PM,False,,,False
光聖寺　広告レポート作成,04/25/2025,03:30 PM,04/25/2025,04:00 PM,False,,,False
参考サイト探索,02/19/2026,05:00 PM,02/19/2026,06:00 PM,False,,,False
昭和建設　がらくた市,02/14/2025,05:00 PM,02/14/2025,05:30 PM,False,,,False
ドイツクリスマスバナー作成,09/24/2025,05:00 PM,09/24/2025,05:30 PM,False,,,False
エルムズクリエイトデザイン制作,07/23/2025,05:00 PM,07/23/2025,07:00 PM,False,,,False
エベラ出荷,01/09/2026,02:00 PM,01/09/2026,03:30 PM,False,,,False
竹澤ビル　名刺校正データ,03/07/2025,12:00 PM,03/07/2025,01:30 PM,False,,,False
エルムズクリエイト修正,02/04/2026,05:00 PM,02/04/2026,06:30 PM,False,,,False
エルムズクリエイト　修正,02/13/2026,03:30 PM,02/13/2026,04:00 PM,False,,,False
PPCアフィリエイト調査,11/06/2025,03:00 PM,11/06/2025,03:30 PM,False,,,False
昭和建設　打ち合わせ,02/17/2026,05:00 PM,02/17/2026,05:30 PM,False,,,False
ショウエイLP制作,03/27/2025,04:00 PM,03/27/2025,06:30 PM,False,,,False
ゴーゴーお片付けデザイン制作,06/12/2025,04:00 PM,06/12/2025,06:00 PM,False,,,False
エベラ画像作成,07/15/2025,03:00 PM,07/15/2025,04:30 PM,False,,,False
LP企画ヒアリングシート,02/25/2026,12:00 PM,02/25/2026,01:00 PM,False,,,False
LP企画シート作成・スケジュール確認,11/07/2025,10:00 AM,11/07/2025,11:00 AM,False,,,False
光聖寺LPデザイン,08/20/2025,02:30 PM,08/20/2025,03:30 PM,False,,,False
支払方法調査,01/30/2026,04:00 PM,01/30/2026,06:30 PM,False,,,False
西中島グランドハイツ　打ち合わせ,11/27/2025,12:00 PM,11/27/2025,12:30 PM,False,,,False
家財整理協会　デザイン,10/09/2025,05:30 PM,10/09/2025,07:00 PM,False,,,False
参考サイト探索・調査,02/25/2026,06:30 PM,02/25/2026,07:00 PM,False,,,False
NSジャパン様　デザイン制作,11/17/2025,04:30 PM,11/17/2025,07:00 PM,False,,,False
参考サイト探索,02/20/2026,05:00 PM,02/20/2026,06:00 PM,False,,,False
Suikosha　広告レポート作成・広告出稿,04/24/2025,10:30 AM,04/24/2025,12:00 PM,False,,,False
ショウエイみなと広告出稿,05/23/2025,11:00 AM,05/23/2025,01:00 PM,False,,,False
エベラ画像作成,06/17/2025,10:00 AM,06/17/2025,11:00 AM,False,,,False
参考サイト探索,01/07/2026,05:30 PM,01/07/2026,07:00 PM,False,,,False
エベラプロダクツ出荷作業,02/14/2025,02:00 PM,02/14/2025,03:00 PM,False,,,False
よこはま建設業魅力発信コンソーシア,11/04/2025,12:30 PM,11/04/2025,02:00 PM,False,,,False
アクセス解析レポート調査,10/08/2025,04:30 PM,10/08/2025,05:30 PM,False,,,False
LP企画チラシ作成,10/16/2025,03:00 PM,10/16/2025,03:30 PM,False,,,False
清水製作所デザイン,05/08/2025,12:30 PM,05/08/2025,03:00 PM,False,,,False
光聖寺　レポート　調査,03/07/2025,10:30 AM,03/07/2025,12:00 PM,False,,,False
ショウエイみなとおしらせ作成,10/20/2025,01:00 PM,10/20/2025,02:00 PM,False,,,False
請求書作成,11/25/2025,05:00 PM,11/25/2025,07:00 PM,False,,,False
エベラ出荷,09/11/2025,02:00 PM,09/11/2025,03:00 PM,False,,,False
エベラ出荷,11/04/2025,02:00 PM,11/04/2025,03:00 PM,False,,,False
未収調査,06/05/2025,10:00 AM,06/05/2025,10:30 AM,False,,,False
エルムズクリエイト　デザイン制作,06/25/2025,10:30 AM,06/25/2025,01:30 PM,False,,,False
ショウエイ四条畷お知らせ作成,07/14/2025,06:00 PM,07/14/2025,07:00 PM,False,,,False
suikosha　広告修正,07/22/2025,12:30 PM,07/22/2025,01:00 PM,False,,,False
LP企画打ち合わせ,09/29/2025,05:00 PM,09/29/2025,07:00 PM,False,,,False
LP企画チラシ作成,12/18/2025,05:30 PM,12/18/2025,07:00 PM,False,,,False
ショウエイ　四条畷　おしらせ,08/22/2025,11:00 AM,08/22/2025,01:30 PM,False,,,False
レトロワグラン様　印刷費　調査,07/18/2025,10:30 AM,07/18/2025,01:30 PM,False,,,False
ショウエイスポーツ　修正,02/05/2025,03:30 PM,02/05/2025,07:00 PM,False,,,False
保育協会　デザイン制作,05/30/2025,05:00 PM,05/30/2025,06:00 PM,False,,,False
ライブ配信画面,10/17/2025,01:00 PM,10/17/2025,03:00 PM,False,,,False
光聖寺デザイン,05/14/2025,01:30 PM,05/14/2025,02:15 PM,False,,,False
Suikosha　ユニバーサル・ミニオンズ　広告レポート作成,03/24/2025,10:00 AM,03/24/2025,10:30 AM,False,,,False
ゴーゴーお片付け　修正,04/25/2025,02:30 PM,04/25/2025,03:30 PM,False,,,False
経費精算シート入力,05/08/2025,04:00 PM,05/08/2025,04:30 PM,False,,,False
清水製作所ワイヤー修正,03/07/2025,06:00 PM,03/07/2025,06:30 PM,False,,,False
エベラ福袋画像作成,12/04/2025,01:00 PM,12/04/2025,01:30 PM,False,,,False
suikosha　ミニオンズモール　広告レポート作成,03/31/2025,10:00 AM,03/31/2025,10:30 AM,False,,,False
光聖寺デザイン,05/14/2025,04:30 PM,05/14/2025,06:00 PM,False,,,False
ショウエイみなと　カレンダー作成,09/29/2025,10:00 AM,09/29/2025,12:00 PM,False,,,False
エベラ動画作成,08/01/2025,05:30 PM,08/01/2025,07:00 PM,False,,,False
ショウエイ保守　四条畷,03/02/2026,04:00 PM,03/02/2026,04:30 PM,False,,,False
広告支払方法変更,08/28/2025,06:00 PM,08/28/2025,07:00 PM,False,,,False
エベラ福袋画像作成,12/02/2025,10:00 AM,12/02/2025,02:30 PM,False,,,False
参考サイト探索,02/16/2026,06:00 PM,02/16/2026,07:00 PM,False,,,False
LP企画チラシ作成,12/17/2025,05:00 PM,12/17/2025,07:00 PM,False,,,False
浄土宗保育協会営業　チラシ,03/02/2026,06:30 PM,03/02/2026,07:00 PM,False,,,False
横浜建築　図　デザイン,10/06/2025,01:00 PM,10/06/2025,02:00 PM,False,,,False
画像の書き出し方法指示,01/23/2026,10:00 AM,01/23/2026,11:00 AM,False,,,False
ビーコネクト　検索サイト,01/23/2026,12:00 PM,01/23/2026,02:00 PM,False,,,False
西中島グランドハイツアクセス解析レポート修正,11/19/2025,01:00 PM,11/19/2025,02:00 PM,False,,,False
ショウエイアップ,12/01/2025,10:00 AM,12/01/2025,10:30 AM,False,,,False
suikosha広告確認・レポート作成,06/02/2025,05:30 PM,06/02/2025,07:00 PM,False,,,False
ショウエイお知らせアップ,08/01/2025,10:00 AM,08/01/2025,10:30 AM,False,,,False
保育協会　デザイン制作,05/30/2025,11:00 AM,05/30/2025,12:00 PM,False,,,False
メルマガ調査,03/18/2025,11:15 AM,03/18/2025,01:00 PM,False,,,False
サーチコンソール・アナリティクス確認,03/10/2025,11:15 AM,03/10/2025,11:45 AM,False,,,False
PPCアフィリエイト調査,10/07/2025,05:00 PM,10/07/2025,06:00 PM,False,,,False
社長経費精算シート入力,04/10/2025,11:00 AM,04/10/2025,01:00 PM,False,,,False
エベラリール打ち合わせ,09/09/2025,10:30 AM,09/09/2025,11:00 AM,False,,,False
更新管理表作成,12/08/2025,11:00 AM,12/08/2025,02:00 PM,False,,,False
西中島グランドハイツ　広告,11/28/2025,10:00 AM,11/28/2025,02:00 PM,False,,,False
エベラ印刷物作成,01/14/2026,10:00 AM,01/14/2026,12:30 PM,False,,,False
ショウエイおしらせ修正,07/31/2025,10:00 AM,07/31/2025,10:30 AM,False,,,False
suikosha　広告出稿,07/25/2025,11:30 AM,07/25/2025,12:00 PM,False,,,False
コロンビア様　メニュー表修正,11/21/2025,04:30 PM,11/21/2025,07:00 PM,False,,,False
エベラ画像作成,09/03/2025,03:00 PM,09/03/2025,04:30 PM,False,,,False
エベラ印刷物作成,01/14/2026,04:00 PM,01/14/2026,08:15 PM,False,,,False
エヌエスジャパン資料確認,10/06/2025,05:30 PM,10/06/2025,07:00 PM,False,,,False
JP見積書作成,06/06/2025,11:00 AM,06/06/2025,11:30 AM,False,,,False
ショウエイアップ,12/26/2025,10:00 AM,12/26/2025,10:30 AM,False,,,False
LP企画チラシ作成,10/16/2025,01:00 PM,10/16/2025,02:30 PM,False,,,False
エベラ画像作成,09/11/2025,04:00 PM,09/11/2025,05:00 PM,False,,,False
広告領収書調査,08/18/2025,11:00 AM,08/18/2025,11:30 AM,False,,,False
エベラ修正,12/18/2025,05:00 PM,12/18/2025,05:30 PM,False,,,False
PPCアフィリエイト調査,10/06/2025,10:00 AM,10/06/2025,11:00 AM,False,,,False
Yahoo広告,02/05/2026,10:00 AM,02/05/2026,11:30 AM,False,,,False
昭和建設採用サイト,09/25/2025,04:00 PM,09/25/2025,06:00 PM,False,,,False
エルムズクリエイト　デザイン,05/16/2025,10:00 AM,05/16/2025,12:30 PM,False,,,False
Sinker　ロゴマーク　作成・まとめ,02/28/2025,02:30 PM,02/28/2025,03:45 PM,False,,,False
LP企画チラシ,12/10/2025,01:30 PM,12/10/2025,02:00 PM,False,,,False
エルムズクリエイト　修正,02/24/2026,10:30 AM,02/24/2026,11:00 AM,False,,,False
Google広告調査,02/25/2026,01:00 PM,02/25/2026,02:00 PM,False,,,False
石井建設　デザイン修正,04/28/2025,06:30 PM,04/28/2025,07:00 PM,False,,,False
suikosha広告レポート作成,05/02/2025,02:30 PM,05/02/2025,03:00 PM,False,,,False
ユニバーサル広告数値入力,03/04/2025,10:30 AM,03/04/2025,11:00 AM,False,,,False
エベラ出荷,10/06/2025,02:00 PM,10/06/2025,03:00 PM,False,,,False
参考サイト探索,10/10/2025,05:00 PM,10/10/2025,07:00 PM,False,,,False
ショウエイ　みなと　おしらせ,02/19/2025,03:00 PM,02/19/2025,03:30 PM,False,,,False
保育協会　デザイン制作,05/30/2025,06:30 PM,05/30/2025,07:00 PM,False,,,False
ショウエイみなと広告出稿,04/25/2025,06:00 PM,04/25/2025,07:00 PM,False,,,False
清水製作所デザイン,04/30/2025,02:30 PM,04/30/2025,05:00 PM,False,,,False
支払方法変更,02/25/2026,11:00 AM,02/25/2026,12:00 PM,False,,,False
エベラトライアルキット,01/28/2026,03:00 PM,01/28/2026,04:30 PM,False,,,False
エルムズクリエイト　修正,03/02/2026,11:00 AM,03/02/2026,11:30 AM,False,,,False
メルマガ　概要作成,03/18/2025,05:00 PM,03/18/2025,07:00 PM,False,,,False
社長面談,09/30/2025,06:00 PM,09/30/2025,06:30 PM,False,,,False
横浜ゆるすぽテストアップ,05/14/2025,12:00 PM,05/14/2025,01:30 PM,False,,,False
カレンダー作成,11/21/2025,10:00 AM,11/21/2025,10:30 AM,False,,,False
更新管理表作成,12/08/2025,05:00 PM,12/08/2025,07:00 PM,False,,,False
エベラ出荷,02/05/2026,02:00 PM,02/05/2026,03:00 PM,False,,,False
エルムズクリエイト　コーポレートサイト　デザイン,06/24/2025,04:30 PM,06/24/2025,07:00 PM,False,,,False
LP企画調査,09/26/2025,12:00 PM,09/26/2025,02:00 PM,False,,,False
その他　調査,03/03/2026,12:30 PM,03/03/2026,02:00 PM,False,,,False
エベラ出荷,08/25/2025,02:00 PM,08/25/2025,03:00 PM,False,,,False
ショウエイおしらせ修正,03/28/2025,04:00 PM,03/28/2025,05:30 PM,False,,,False
エベラ印刷物作成,01/13/2026,10:30 AM,01/13/2026,11:30 AM,False,,,False
Suikosha広告レポート確認・提出,08/07/2025,10:30 AM,08/07/2025,11:00 AM,False,,,False
エベラ出荷,11/06/2025,02:00 PM,11/06/2025,03:00 PM,False,,,False
ショウエイみなとお知らせ,05/20/2025,06:30 PM,05/20/2025,07:00 PM,False,,,False
ショウエイ夏の短期教室おしらせ作成,05/21/2025,11:00 AM,05/21/2025,12:30 PM,False,,,False
レトロワグラン　問い合わせ,07/16/2025,10:00 AM,07/16/2025,11:00 AM,False,,,False
ショウエイスポーツクラブ様スケジュール,05/09/2025,06:30 PM,05/09/2025,07:00 PM,False,,,False
広告請求書調査,08/12/2025,11:30 AM,08/12/2025,02:00 PM,False,,,False
昭和建設60周年(11h),09/19/2025,12:30 PM,09/19/2025,02:30 PM,False,,,False
アイコン作成,10/02/2025,12:00 PM,10/02/2025,02:00 PM,False,,,False
レトロワグラン　バナー作成,02/20/2025,10:00 AM,02/20/2025,11:00 AM,False,,,False
エベラ出荷,11/19/2025,02:00 PM,11/19/2025,02:30 PM,False,,,False
メルマガ概要作成,02/20/2025,03:00 PM,02/20/2025,04:00 PM,False,,,False
LP企画　デザイン制作,09/29/2025,12:00 PM,09/29/2025,03:30 PM,False,,,False
ゴーゴーお片付けデザイン制作,04/16/2025,03:30 PM,04/16/2025,07:00 PM,False,,,False
エベラトライアルキット,01/28/2026,10:00 AM,01/28/2026,02:30 PM,False,,,False
エベラ出荷,01/06/2026,02:00 PM,01/06/2026,03:00 PM,False,,,False
JP名刺校正データ作成,03/04/2025,01:30 PM,03/04/2025,02:00 PM,False,,,False
Suikosha様　コレクション広告問い合わせ,03/10/2025,05:15 PM,03/10/2025,07:00 PM,False,,,False
suikosha広告レポート作成,06/02/2025,02:30 PM,06/02/2025,04:00 PM,False,,,False
Suikosha様　レポート　作成,02/07/2025,06:30 PM,02/07/2025,07:00 PM,False,,,False
フォルダ整理・広告レポートシート作成,11/20/2025,06:30 PM,11/20/2025,07:00 PM,False,,,False
LP企画チラシ修正,11/17/2025,12:00 PM,11/17/2025,12:30 PM,False,,,False
ショウエイスポーツ　四条畷LP制作,03/25/2025,02:30 PM,03/25/2025,05:00 PM,False,,,False
LP企画デザイン制作,11/11/2025,11:00 AM,11/11/2025,02:30 PM,False,,,False
ショウエイスポーツクラブ様　修正,11/05/2025,01:00 PM,11/05/2025,01:30 PM,False,,,False
エベラ出荷,06/06/2025,01:45 PM,06/06/2025,02:30 PM,False,,,False
エベラ出荷,04/30/2025,02:00 PM,04/30/2025,02:30 PM,False,,,False
昭和建設60周年デザイン修正,12/19/2025,02:30 PM,12/19/2025,04:00 PM,False,,,False
保守・更新確認表入力,07/29/2025,10:00 AM,07/29/2025,02:30 PM,False,,,False
光聖寺デザイン,05/14/2025,03:00 PM,05/14/2025,03:30 PM,False,,,False
石井建設　下層ページデザイン,03/18/2025,02:00 PM,03/18/2025,04:30 PM,False,,,False
エベラ画像作成・修正,12/12/2025,10:00 AM,12/12/2025,02:00 PM,False,,,False
メルマガ配信者削除,12/25/2025,10:00 AM,12/25/2025,10:30 AM,False,,,False
ショウエイ四条畷お知らせ修正,07/18/2025,01:30 PM,07/18/2025,02:00 PM,False,,,False
メルマガ調査,03/11/2025,03:30 PM,03/11/2025,05:00 PM,False,,,False
ショウエイ四条畷おしらせ,07/16/2025,05:30 PM,07/16/2025,07:00 PM,False,,,False
ライブ配信画面　デザイン制作,10/20/2025,02:00 PM,10/20/2025,03:30 PM,False,,,False
エベラ出荷,02/25/2026,02:00 PM,02/25/2026,03:00 PM,False,,,False
ショウエイみなとLP制作,03/28/2025,11:30 AM,03/28/2025,01:00 PM,False,,,False
エベラ動画作成,07/30/2025,10:00 AM,07/30/2025,03:00 PM,False,,,False
エルムズクリエイト　修正,08/22/2025,10:00 AM,08/22/2025,11:00 AM,False,,,False
エベラリール打ち合わせ,09/16/2025,03:30 PM,09/16/2025,04:00 PM,False,,,False
PPCアフィリエイト　調査,10/03/2025,04:30 PM,10/03/2025,07:00 PM,False,,,False
参考サイト探索,02/06/2026,01:00 PM,02/06/2026,01:30 PM,False,,,False
エベラ箱データ作成,11/17/2025,04:00 PM,11/17/2025,04:30 PM,False,,,False
トリニティーエステート様　デザイン制作,08/25/2025,03:00 PM,08/25/2025,04:30 PM,False,,,False
エベラ出荷,12/18/2025,02:00 PM,12/18/2025,03:00 PM,False,,,False
エベラ画像作成,09/01/2025,12:00 PM,09/01/2025,02:00 PM,False,,,False
エルムズクリエイトデザイン制作,07/10/2025,11:00 AM,07/10/2025,03:00 PM,False,,,False
請求書作成,10/31/2025,11:00 AM,10/31/2025,12:00 PM,False,,,False
PPCアフィリエイト調査・資料,11/06/2025,11:00 AM,11/06/2025,02:00 PM,False,,,False
Sinker　ロゴマーク作成,03/04/2025,02:00 PM,03/04/2025,03:00 PM,False,,,False
エベラ出荷,12/15/2025,02:00 PM,12/15/2025,03:00 PM,False,,,False
竹澤ビル名刺修正・入稿,07/04/2025,06:30 PM,07/04/2025,07:00 PM,False,,,False
昭和建設,10/30/2025,12:00 PM,10/30/2025,01:00 PM,False,,,False
ボンテック名刺確認用データ作成,12/22/2025,03:00 PM,12/22/2025,04:30 PM,False,,,False
支払い方法調査,02/03/2026,11:00 AM,02/03/2026,12:30 PM,False,,,False
ショウエイスポーツクラブ　広告　編集,02/12/2025,10:00 AM,02/12/2025,11:00 AM,False,,,False
おしらせ掲載,09/09/2025,10:00 AM,09/09/2025,10:30 AM,False,,,False
石井建設工業　デザイン制作,04/09/2025,12:00 PM,04/09/2025,01:00 PM,False,,,False
エルムズクリエイト　ドメイン取得,04/28/2025,10:30 AM,04/28/2025,11:30 AM,False,,,False
入金確認表作成,11/28/2025,04:30 PM,11/28/2025,06:00 PM,False,,,False
Suikosha広告数値入力,08/12/2025,10:00 AM,08/12/2025,10:30 AM,False,,,False
レトロワグランカード修正,07/16/2025,04:30 PM,07/16/2025,05:30 PM,False,,,False
ショウエイみなと空き状況,03/05/2025,02:30 PM,03/05/2025,07:00 PM,False,,,False
石井建設　修正,04/04/2025,02:30 PM,04/04/2025,04:30 PM,False,,,False
経費精算シート入力,10/27/2025,10:00 AM,10/27/2025,11:00 AM,False,,,False
エベラ　画像作成,02/27/2025,10:15 AM,02/27/2025,11:30 AM,False,,,False
エベラ出荷,09/03/2025,02:00 PM,09/03/2025,03:00 PM,False,,,False
経費精算シート入力,12/04/2025,10:00 AM,12/04/2025,11:30 AM,False,,,False
ショウエイ広告ターゲティング,03/04/2025,05:30 PM,03/04/2025,07:00 PM,False,,,False
LP企画ページデザイン,02/12/2026,06:00 PM,02/12/2026,07:00 PM,False,,,False
エベラ出荷,11/12/2025,02:30 PM,11/12/2025,03:00 PM,False,,,False
LP資料作成,10/15/2025,05:00 PM,10/15/2025,07:00 PM,False,,,False
JP名刺校正・見積・入稿データ作成,06/25/2025,10:00 AM,06/25/2025,10:30 AM,False,,,False
打ち合わせ,09/05/2025,03:30 PM,09/05/2025,04:00 PM,False,,,False
よこはま建設業魅力発信検討委員会様,10/07/2025,03:30 PM,10/07/2025,05:00 PM,False,,,False
エベラ福袋内容確認・準備・作成,11/28/2025,06:00 PM,11/28/2025,07:00 PM,False,,,False
エベラ出荷,01/22/2026,02:00 PM,01/22/2026,03:00 PM,False,,,False
ショウエイみなと春の短期教室広告,01/16/2026,03:00 PM,01/16/2026,04:30 PM,False,,,False
ショウエイ四条畷お知らせ本番アップ,05/01/2025,10:00 AM,05/01/2025,10:30 AM,False,,,False
エベラ画像作成,09/02/2025,03:30 PM,09/02/2025,04:30 PM,False,,,False
LP企画チラシ作成,12/17/2025,03:00 PM,12/17/2025,04:00 PM,False,,,False
コロンビア　お知らせ更新・印刷,12/10/2025,04:30 PM,12/10/2025,06:00 PM,False,,,False
西中島グランドハイツ　デザイン　制作,07/24/2025,05:00 PM,07/24/2025,07:00 PM,False,,,False
エベラリール修正,09/09/2025,11:00 AM,09/09/2025,11:30 AM,False,,,False
メール設定,11/11/2025,10:00 AM,11/11/2025,11:00 AM,False,,,False
エベラ出荷,12/01/2025,02:00 PM,12/01/2025,03:00 PM,False,,,False
エベラ出荷,05/12/2025,02:00 PM,05/12/2025,02:30 PM,False,,,False
保守・更新確認表入力,08/19/2025,04:30 PM,08/19/2025,06:30 PM,False,,,False
ショウエイみなとお知らせ作成,06/13/2025,10:00 AM,06/13/2025,12:00 PM,False,,,False
レトロワグラン広告出稿,11/19/2025,06:30 PM,11/19/2025,07:00 PM,False,,,False
エベラ画像作成,12/25/2025,10:30 AM,12/25/2025,11:00 AM,False,,,False
エベラ画像打ち合わせ,12/25/2025,03:00 PM,12/25/2025,03:30 PM,False,,,False
経費精算シート入力,05/22/2025,10:00 AM,05/22/2025,10:30 AM,False,,,False
昭和建設,10/28/2025,12:30 PM,10/28/2025,03:00 PM,False,,,False
エベラ画像作成,06/16/2025,05:30 PM,06/16/2025,06:30 PM,False,,,False
エルムズクリエイト　デザイン制作,07/02/2025,12:30 PM,07/02/2025,02:00 PM,False,,,False
エベラ出荷,09/10/2025,02:00 PM,09/10/2025,03:00 PM,False,,,False
経費精算シート入力,07/22/2025,11:30 AM,07/22/2025,12:30 PM,False,,,False
エベラ工数洗い出し,08/01/2025,04:00 PM,08/01/2025,05:30 PM,False,,,False
Etsy主計表作成・ショップ追加,06/12/2025,12:00 PM,06/12/2025,02:30 PM,False,,,False
ショウエイみなとお知らせ,05/20/2025,03:30 PM,05/20/2025,04:00 PM,False,,,False
メール設定,11/04/2025,10:00 AM,11/04/2025,11:00 AM,False,,,False
SEO補助金調査,06/09/2025,04:30 PM,06/09/2025,07:00 PM,False,,,False
googleアカウント移行,11/07/2025,11:00 AM,11/07/2025,12:00 PM,False,,,False
エベラギフト箱データ作成,11/18/2025,04:30 PM,11/18/2025,05:00 PM,False,,,False
LP企画チラシ作成,10/17/2025,10:00 AM,10/17/2025,01:00 PM,False,,,False
タスク整理,06/11/2025,05:00 PM,06/11/2025,07:00 PM,False,,,False
エベラ出荷,02/13/2026,02:00 PM,02/13/2026,03:30 PM,False,,,False
昭和建設　チェック・修正指示,02/16/2026,05:30 PM,02/16/2026,06:00 PM,False,,,False
ショウエイアップ,10/31/2025,06:00 PM,10/31/2025,07:00 PM,False,,,False
Suikosha様　Meta問い合わせ,03/10/2025,04:15 PM,03/10/2025,04:30 PM,False,,,False
LP企画打ち合わせ,10/22/2025,10:30 AM,10/22/2025,12:00 PM,False,,,False
エベラ出荷,10/08/2025,02:00 PM,10/08/2025,02:30 PM,False,,,False
エベラ画像作成,12/24/2025,03:30 PM,12/24/2025,05:30 PM,False,,,False
JP名刺入稿データ・見積作成,07/28/2025,01:30 PM,07/28/2025,02:00 PM,False,,,False
トキワシステムテクノロジーズ　油圧事業部,02/03/2025,04:00 PM,02/03/2025,07:00 PM,False,,,False
Suikosha問い合わせ対応,05/21/2025,03:30 PM,05/21/2025,04:00 PM,False,,,False
エルムズクリエイト　画像作成,08/12/2025,06:00 PM,08/12/2025,07:00 PM,False,,,False
wordpressプラグイン調査,06/06/2025,05:00 PM,06/06/2025,07:00 PM,False,,,False
横浜ゆるすぽデザイン,05/12/2025,04:30 PM,05/12/2025,07:00 PM,False,,,False
エベラ画像作成,07/14/2025,03:00 PM,07/14/2025,04:00 PM,False,,,False
清水製作所　デザイン制作,04/25/2025,05:00 PM,04/25/2025,06:00 PM,False,,,False
ショウエイ保守　みなと,02/12/2026,03:30 PM,02/12/2026,04:00 PM,False,,,False
NSジャパンデザイン制作,11/18/2025,03:00 PM,11/18/2025,03:30 PM,False,,,False
打ち合わせ,10/01/2025,10:30 AM,10/01/2025,11:00 AM,False,,,False
ショウエイスポーツクラブ　保守,02/13/2025,03:30 PM,02/13/2025,04:00 PM,False,,,False
ミライ献血,04/24/2025,02:00 PM,04/24/2025,03:00 PM,False,,,False
ショウエイみなと春の短期教室広告,01/15/2026,02:00 PM,01/15/2026,02:30 PM,False,,,False
ショウエイスポーツクラブ広告,11/20/2025,05:30 PM,11/20/2025,06:30 PM,False,,,False
昭和建設デザイン修正,11/26/2025,11:30 AM,11/26/2025,12:00 PM,False,,,False
四条畷春短広告出稿,02/03/2026,10:00 AM,02/03/2026,10:30 AM,False,,,False
エルムズクリエイトデザイン制作,07/11/2025,10:30 AM,07/11/2025,02:00 PM,False,,,False
LP企画チラシ,11/26/2025,03:00 PM,11/26/2025,03:30 PM,False,,,False
石井建設　修正,04/04/2025,12:30 PM,04/04/2025,01:30 PM,False,,,False
suikosha 広告CVタグ確認,04/09/2025,11:00 AM,04/09/2025,12:00 PM,False,,,False
Suikosha広告出稿,08/08/2025,10:00 AM,08/08/2025,11:30 AM,False,,,False
エベラ動画作成,07/30/2025,04:00 PM,07/30/2025,05:00 PM,False,,,False
ショウエイスポーツクラブ様　広告レポート,04/07/2025,10:00 AM,04/07/2025,10:30 AM,False,,,False
エベラ出荷,08/28/2025,02:00 PM,08/28/2025,02:30 PM,False,,,False
レトロワグラン　広告　meta問い合わせ,06/30/2025,03:30 PM,06/30/2025,04:30 PM,False,,,False
昭和建設様　デザイン制作,11/27/2025,04:00 PM,11/27/2025,06:30 PM,False,,,False
ショウエイスポーツ　広告数値入力,03/04/2025,10:00 AM,03/04/2025,10:30 AM,False,,,False
ショウエイ　みなと　LP,02/12/2025,01:00 PM,02/12/2025,02:00 PM,False,,,False
ショウエイみなと春短LP,01/29/2026,11:30 AM,01/29/2026,02:00 PM,False,,,False
ショウエイ　みなと　バスルート,02/25/2025,05:00 PM,02/25/2025,07:00 PM,False,,,False
ドイツクリスマス色選び,07/14/2025,10:00 AM,07/14/2025,11:00 AM,False,,,False
イグロス広告一覧入力,05/21/2025,01:30 PM,05/21/2025,02:00 PM,False,,,False
LP探索,09/22/2025,10:00 AM,09/22/2025,12:00 PM,False,,,False
エベラ出荷,12/24/2025,01:30 PM,12/24/2025,03:30 PM,False,,,False
作業指示,07/24/2025,04:30 PM,07/24/2025,05:00 PM,False,,,False
アクセス解析レポート作成,03/04/2025,11:00 AM,03/04/2025,12:00 PM,False,,,False
ショウエイスポーツクラブ保守,01/09/2026,04:30 PM,01/09/2026,05:00 PM,False,,,False
ゴーゴーお片付けデザイン,04/14/2025,03:45 PM,04/14/2025,07:00 PM,False,,,False
よこはま建設業魅力発信,10/21/2025,10:00 AM,10/21/2025,12:00 PM,False,,,False
エベラ画像修正,12/16/2025,11:00 AM,12/16/2025,11:30 AM,False,,,False
ショウエイスポーツクラブ　広告数値,02/03/2025,10:00 AM,02/03/2025,10:30 AM,False,,,False
ショウエイ保守　みなと,02/18/2026,10:00 AM,02/18/2026,10:30 AM,False,,,False
sinker ロゴマーク作成,02/27/2025,02:30 PM,02/27/2025,03:30 PM,False,,,False
ゴーゴーお片付け　デザイン,04/15/2025,10:15 AM,04/15/2025,02:00 PM,False,,,False
レトロワグラン様　バナー修正,08/27/2025,03:30 PM,08/27/2025,04:00 PM,False,,,False
エヌエスジャパン　サイトマップ,10/07/2025,12:00 PM,10/07/2025,01:00 PM,False,,,False
エベラ出荷,03/24/2025,11:30 AM,03/24/2025,01:00 PM,False,,,False
エベラ画像作成,12/11/2025,10:00 AM,12/11/2025,03:30 PM,False,,,False
ショウエイ保守　四条畷,02/16/2026,01:00 PM,02/16/2026,02:00 PM,False,,,False
席　レイアウト図作成,12/23/2025,10:00 AM,12/23/2025,11:00 AM,False,,,False
四条畷春の短期教室LP修正,01/21/2026,10:00 AM,01/21/2026,12:00 PM,False,,,False
レトロワグラン　広告　問い合わせ　調査,07/15/2025,11:00 AM,07/15/2025,01:00 PM,False,,,False
suikosha問い合わせ対応,06/05/2025,10:30 AM,06/05/2025,11:30 AM,False,,,False
カードブランド調査,09/19/2025,11:00 AM,09/19/2025,12:30 PM,False,,,False
エベラ出荷,10/01/2025,02:00 PM,10/01/2025,03:00 PM,False,,,False
エベラ出荷,09/09/2025,01:30 PM,09/09/2025,03:00 PM,False,,,False
suikosha広告レポート作成,05/07/2025,10:00 AM,05/07/2025,10:30 AM,False,,,False
エベラリール,09/18/2025,10:00 AM,09/18/2025,01:30 PM,False,,,False
LP企画ページデザイン,02/10/2026,02:30 PM,02/10/2026,03:30 PM,False,,,False
エベラ出荷,02/12/2026,01:30 PM,02/12/2026,02:30 PM,False,,,False
その他　Googleアカウント調査,03/03/2026,10:00 AM,03/03/2026,10:30 AM,False,,,False
suokosha問い合わせ対応,07/02/2025,10:00 AM,07/02/2025,11:00 AM,False,,,False
ゴーゴーお片付け,04/15/2025,04:00 PM,04/15/2025,05:00 PM,False,,,False
エベラ印刷物作成,01/08/2026,04:30 PM,01/08/2026,06:00 PM,False,,,False
エベラ出荷,01/19/2026,02:00 PM,01/19/2026,03:30 PM,False,,,False
西中島グランドハイツレポート作成,12/04/2025,06:00 PM,12/04/2025,07:00 PM,False,,,False
みなと広告出稿,01/30/2026,06:30 PM,01/30/2026,06:45 PM,False,,,False
ショウエイスポーツお知らせ更新,03/06/2025,05:30 PM,03/06/2025,05:45 PM,False,,,False
メルマガ概要作成,03/05/2025,12:00 PM,03/05/2025,01:30 PM,False,,,False
Suikosha　ユニバーサル広告設定・分析,03/06/2025,01:30 PM,03/06/2025,04:00 PM,False,,,False
保険資格証明書手続き,09/04/2025,10:30 AM,09/04/2025,11:30 AM,False,,,False
エベラプロダクツ出荷作業,02/12/2025,02:00 PM,02/12/2025,02:30 PM,False,,,False
JP株式会社　　名刺見積もり・入稿,02/19/2025,10:00 AM,02/19/2025,10:30 AM,False,,,False
エベラ出荷,08/26/2025,01:30 PM,08/26/2025,02:00 PM,False,,,False
エベラ出荷,06/25/2025,01:30 PM,06/25/2025,02:00 PM,False,,,False
LP企画ページデザイン,02/18/2026,01:00 PM,02/18/2026,02:00 PM,False,,,False
エベラ出荷,12/11/2025,03:30 PM,12/11/2025,04:00 PM,False,,,False
クライアントフォルダ整理,11/21/2025,02:00 PM,11/21/2025,03:30 PM,False,,,False
トキワシステムテクノロジーズ　アクセス解析,04/02/2025,10:00 AM,04/02/2025,12:00 PM,False,,,False
キュレーションサイト打ち合わせ・まとめ,10/06/2025,11:00 AM,10/06/2025,01:00 PM,False,,,False
朝礼,02/02/2026,10:00 AM,02/02/2026,10:30 AM,False,,,False
よこはま建設業魅力発信,10/21/2025,12:30 PM,10/21/2025,03:00 PM,False,,,False
参考サイト探索,02/06/2026,06:30 PM,02/06/2026,07:00 PM,False,,,False
光聖寺デザイン,05/14/2025,06:30 PM,05/14/2025,07:00 PM,False,,,False
在宅医療推進会　デザイン制作,07/28/2025,10:00 AM,07/28/2025,01:30 PM,False,,,False
エベラ印刷物制作,01/08/2026,01:00 PM,01/08/2026,02:00 PM,False,,,False
ピアノ教室　デザイン制作,08/27/2025,04:30 PM,08/27/2025,07:00 PM,False,,,False
昭和建設　採用サイト,09/22/2025,05:00 PM,09/22/2025,07:00 PM,False,,,False
エベラ出荷,11/26/2025,02:00 PM,11/26/2025,03:00 PM,False,,,False
横浜ゆるすぽ　デザイン制作,05/27/2025,10:00 AM,05/27/2025,01:00 PM,False,,,False
請求書作成,12/25/2025,01:00 PM,12/25/2025,01:30 PM,False,,,False
ショウエイ保守　四条畷お知らせ修正,02/02/2026,01:00 PM,02/02/2026,01:30 PM,False,,,False
レトロワグランCSV抽出,03/10/2025,03:00 PM,03/10/2025,03:15 PM,False,,,False
よこはま建設業魅力発信コンソーシアム,11/05/2025,10:00 AM,11/05/2025,11:00 AM,False,,,False
ショウエイ四条畷,10/27/2025,12:00 PM,10/27/2025,02:00 PM,False,,,False
クレセント　経費精算シート入力,03/04/2026,10:00 AM,03/04/2026,11:00 AM,False,,,False
エベラ　出荷,03/04/2026,01:30 PM,03/04/2026,03:00 PM,False,,,False
浄土宗保育協会営業　チラシ,03/04/2026,03:00 PM,03/04/2026,04:00 PM,False,,,False
昭和建設　デザイン修正,03/04/2026,04:00 PM,03/04/2026,05:00 PM,False,,,False
浄土宗保育協会営業　チラシ,03/04/2026,12:00 PM,03/04/2026,01:30 PM,False,,,False
その他　タスク整理,03/04/2026,05:00 PM,03/04/2026,05:30 PM,False,,,False
その他　タスク整理,03/04/2026,06:30 PM,03/04/2026,07:00 PM,False,,,False
クレセント　ビーコネクトSP,03/05/2026,10:00 AM,03/05/2026,11:00 AM,False,,,False
クレセント　経費精算シート入力,03/05/2026,01:00 PM,03/05/2026,01:30 PM,False,,,False
クレセント　リキャプチャ調査,03/05/2026,11:00 AM,03/05/2026,01:00 PM,False,,,False
エベラ　出荷,03/05/2026,01:30 PM,03/05/2026,02:30 PM,False,,,False
クレセント　ビーコネクトSP,03/05/2026,02:30 PM,03/05/2026,04:00 PM,False,,,False
その他　参考サイト探索・調査,03/05/2026,05:00 PM,03/05/2026,05:30 PM,False,,,False
浄土宗保育協会営業　チラシ,03/05/2026,05:30 PM,03/05/2026,07:00 PM,False,,,False
浄土宗保育協会営業　チラシ,03/06/2026,10:30 AM,03/06/2026,12:30 PM,False,,,False
その他　参考サイト探索,03/06/2026,10:00 AM,03/06/2026,10:30 AM,False,,,False
エベラ　トライアルキットチラシ,03/06/2026,01:30 PM,03/06/2026,05:30 PM,False,,,False
エベラ　出荷,03/06/2026,12:30 PM,03/06/2026,01:30 PM,False,,,False
エベラ　トライアルキットチラシ,03/06/2026,06:30 PM,03/06/2026,07:00 PM,False,,,False
クレセント　ビーコネクトSP,03/09/2026,11:00 AM,03/09/2026,01:00 PM,False,,,False
その他　参考サイト探索,03/09/2026,10:00 AM,03/09/2026,11:00 AM,False,,,False
エベラ　トライアルキットチラシ,03/09/2026,01:00 PM,03/09/2026,02:00 PM,False,,,False
エベラ　出荷,03/09/2026,02:00 PM,03/09/2026,03:30 PM,False,,,False
クレセント　ビーコネクトSP,03/09/2026,03:30 PM,03/09/2026,05:00 PM,False,,,False
クレセント　ビーコネクトSP,03/09/2026,06:00 PM,03/09/2026,07:00 PM,False,,,False
クレセント　進捗報告シート入力,03/10/2026,10:00 AM,03/10/2026,10:30 AM,False,,,False
クレセント　朝礼,03/10/2026,10:30 AM,03/10/2026,11:00 AM,False,,,False
エベラ　出荷,03/10/2026,02:00 PM,03/10/2026,03:00 PM,False,,,False
西中島グランドハイツ　広告画像,03/10/2026,11:00 AM,03/10/2026,02:00 PM,False,,,False
西中島グランドハイツ　広告画像,03/10/2026,03:00 PM,03/10/2026,05:30 PM,False,,,False
西中島グランドハイツ　広告画像,03/10/2026,06:30 PM,03/10/2026,07:00 PM,False,,,False
クレセント　ヒアリングシートチェック,03/11/2026,12:00 PM,03/11/2026,12:30 PM,False,,,False
エベラ　出荷,03/11/2026,02:00 PM,03/11/2026,02:30 PM,False,,,False
浄土宗保育協会営業　チラシ,03/11/2026,10:00 AM,03/11/2026,10:30 AM,False,,,False
その他　参考サイト探索,03/11/2026,12:30 PM,03/11/2026,02:00 PM,False,,,False
エベラ　トライアルキットチラシ,03/11/2026,02:30 PM,03/11/2026,04:00 PM,False,,,False
クレセント　支払方法変更,03/11/2026,05:00 PM,03/11/2026,07:00 PM,False,,,False
クレセント　支払方法変更,03/04/2026,11:00 AM,03/04/2026,12:00 PM,False,,,False
エベラ　トライアルキットチラシ,03/11/2026,10:30 AM,03/11/2026,12:00 PM,False,,,False
クレセント　支払方法変更,03/12/2026,05:00 PM,03/12/2026,07:00 PM,False,,,False
レトロワグラン　ポストカード見積,03/12/2026,10:00 AM,03/12/2026,11:30 AM,False,,,False
クレセント　LP企画デザイン,03/12/2026,11:30 AM,03/12/2026,12:30 PM,False,,,False
その他　デザイン参考資料探索,03/12/2026,12:30 PM,03/12/2026,01:00 PM,False,,,False
エベラ　出荷,03/12/2026,02:30 PM,03/12/2026,03:30 PM,False,,,False
クレセント　バナー作成,03/12/2026,01:00 PM,03/12/2026,02:00 PM,False,,,False
その他　デザイン参考資料探索,03/12/2026,02:00 PM,03/12/2026,02:30 PM,False,,,False
クレセント　打ち合わせ,03/12/2026,04:30 PM,03/12/2026,05:00 PM,False,,,False
クレセント　ビーコネクトSP,03/13/2026,12:00 PM,03/13/2026,02:00 PM,False,,,False
クレセント　支払方法変更,03/13/2026,10:00 AM,03/13/2026,12:00 PM,False,,,False
クレセント　ヒアリングシート,03/13/2026,04:00 PM,03/13/2026,07:00 PM,False,,,False
エベラ　出荷,03/13/2026,02:00 PM,03/13/2026,03:00 PM,False,,,False
